ST,County,StateFIPS,CountyFIPS,FULLFIPS ,Population,Deaths,Rate per 100k,NCHS 2013 code
AL,AUTAUGA,1,1,1001,382981,65,16.97212133,3
AL,BALDWIN,1,3,1003,1310307,252,19.23213415,4
AL,BARBOUR,1,5,1005,191181,22,11.50741967,6
AL,BIBB,1,7,1007,158945,29,18.24530498,2
AL,BLOUNT,1,9,1009,402599,69,17.13864168,2
AL,BUTLER,1,13,1013,144433,24,16.61670117,6
AL,CALHOUN,1,15,1015,821696,124,15.09073915,4
AL,CHAMBERS,1,17,1017,239504,35,14.61353464,5
AL,CHEROKEE,1,19,1019,181721,38,20.91117702,6
AL,CHILTON,1,21,1021,305591,51,16.68897317,2
AL,CLARKE,1,25,1025,179025,22,12.28878648,6
AL,CLEBURNE,1,29,1029,104746,21,20.04849827,6
AL,COFFEE,1,31,1031,351356,52,14.79980419,5
AL,COLBERT,1,33,1033,381275,50,13.11389417,4
AL,CONECUH,1,35,1035,91596,22,24.01851609,6
AL,COVINGTON,1,39,1039,264580,33,12.47259808,6
AL,CULLMAN,1,43,1043,563918,96,17.02375168,5
AL,DALE,1,45,1045,349700,45,12.86817272,5
AL,DE KALB,1,49,1049,496451,79,15.91295012,6
AL,ELMORE,1,51,1051,557793,82,14.70079402,3
AL,ESCAMBIA,1,53,1053,266393,28,10.51078669,6
AL,ETOWAH,1,55,1055,729002,117,16.04933868,4
AL,FAYETTE,1,57,1057,119939,24,20.01017184,6
AL,FRANKLIN,1,59,1059,221312,33,14.91107577,6
AL,GENEVA,1,61,1061,187374,28,14.94337528,4
AL,HENRY,1,67,1067,120739,23,19.04935439,4
AL,HOUSTON,1,69,1069,714840,86,12.0306642,4
AL,JACKSON,1,71,1071,372114,68,18.2739698,5
AL,JEFFERSON,1,73,1073,4609287,616,13.36432294,1
AL,LAUDERDALE,1,77,1077,648610,74,11.40901312,4
AL,LAWRENCE,1,79,1079,237718,49,20.6126587,4
AL,LEE,1,81,1081,1011486,110,10.87508873,4
AL,LIMESTONE,1,83,1083,595597,80,13.4319011,3
AL,MADISON,1,89,1089,2369101,322,13.59165354,3
AL,MARION,1,93,1093,214163,41,19.14429663,6
AL,MARSHALL,1,95,1095,653739,96,14.68475951,5
AL,MOBILE,1,97,1097,2890974,413,14.28584276,3
AL,MONTGOMERY,1,101,1101,1598888,155,9.694237495,3
AL,MORGAN,1,103,1103,835300,135,16.16185802,4
AL,PIKE,1,109,1109,230729,44,19.0699912,5
AL,RANDOLPH,1,111,1111,159416,30,18.81868821,6
AL,RUSSELL,1,113,1113,388162,62,15.97271242,3
AL,ST CLAIR,1,115,1115,590236,113,19.14488442,2
AL,SHELBY,1,117,1117,1386129,185,13.34652114,2
AL,TALLADEGA,1,121,1121,574000,80,13.93728223,5
AL,TALLAPOOSA,1,123,1123,290100,34,11.72009652,6
AL,TUSCALOOSA,1,125,1125,1373837,153,11.13669234,4
AL,WALKER,1,127,1127,466267,101,21.66140859,2
AL,WASHINGTON,1,129,1129,120653,21,17.40528623,6
AL,WINSTON,1,133,1133,170741,31,18.15615464,6
AK,ANCHORAGE,2,20,2020,2058611,369,17.92470748,3
AK,BETHEL,2,50,2050,121449,57,46.93328064,6
AK,FAIRBANKS NORTH STAR,2,90,2090,685791,129,18.81039559,4
AK,JUNEAU,2,110,2110,222855,33,14.80783469,5
AK,KENAI PENINSULA,2,122,2122,391722,109,27.82585609,6
AK,KETCHIKAN GATEWAY,2,130,2130,94942,26,27.3851404,5
AK,MATANUSKA-SUSITNA,2,170,2170,639389,123,19.23711543,3
AK,NOME,2,180,2180,67454,50,74.12458861,6
AK,NORTHWEST ARCTIC,2,188,2188,53287,28,52.54564903,6
AK,WADE HAMPTON,2,270,2270,53739,47,87.45975921,6
AK,YUKON-KOYUKUK,2,290,2290,39333,29,73.72943839,6
AZ,APACHE,4,1,4001,501369,171,34.10661609,6
AZ,COCHISE,4,3,4003,912619,201,22.02452502,4
AZ,COCONINO,4,5,4005,944231,191,20.22810096,4
AZ,GILA,4,7,4007,373273,90,24.11103937,5
AZ,GRAHAM,4,9,4009,260802,46,17.63790155,5
AZ,LA PAZ,4,12,4012,142852,37,25.90093243,6
AZ,MARICOPA,4,13,4013,27305256,4136,15.14726689,1
AZ,MOHAVE,4,15,4015,1411992,471,33.3571295,4
AZ,NAVAJO,4,17,4017,752440,186,24.71957897,5
AZ,PIMA,4,19,4019,6907406,1238,17.92279186,3
AZ,PINAL,4,21,4021,2625973,405,15.42285469,2
AZ,SANTA CRUZ,4,23,4023,329442,30,9.106307028,5
AZ,YAVAPAI,4,25,4025,1491343,484,32.45396934,4
AZ,YUMA,4,27,4027,1390828,152,10.92874173,4
AR,ARKANSAS,5,1,5001,132723,21,15.82242716,6
AR,ASHLEY,5,3,5003,151273,22,14.54324301,6
AR,BAXTER,5,5,5005,288810,81,28.04612029,5
AR,BENTON,5,7,5007,1588896,227,14.28664935,3
AR,BOONE,5,9,5009,259679,54,20.79490448,5
AR,CARROLL,5,15,5015,191998,41,21.35438911,6
AR,CLARK,5,19,5019,160415,25,15.5845775,5
AR,CLEBURNE,5,23,5023,180439,36,19.9513409,6
AR,COLUMBIA,5,27,5027,171110,34,19.8702589,5
AR,CONWAY,5,29,5029,148181,22,14.84670774,6
AR,CRAIGHEAD,5,31,5031,687690,93,13.52353531,4
AR,CRAWFORD,5,33,5033,431612,71,16.44995969,3
AR,CRITTENDEN,5,35,5035,352434,37,10.49841956,2
AR,FAULKNER,5,45,5045,807507,107,13.25065913,3
AR,FRANKLIN,5,47,5047,126177,27,21.39851161,6
AR,FULTON,5,49,5049,85736,22,25.66016609,6
AR,GARLAND,5,51,5051,675365,188,27.83679936,4
AR,GREENE,5,55,5055,297754,63,21.15840593,5
AR,HOT SPRING,5,59,5059,231698,46,19.8534299,5
AR,INDEPENDENCE,5,63,5063,256275,44,17.16905668,5
AR,IZARD,5,65,5065,94985,22,23.16155182,6
AR,JEFFERSON,5,69,5069,529513,68,12.84198877,4
AR,JOHNSON,5,71,5071,179569,23,12.80844689,6
AR,LOGAN,5,83,5083,155806,35,22.46383323,6
AR,LONOKE,5,85,5085,483811,71,14.67515207,3
AR,MADISON,5,87,5087,109796,24,21.85871981,3
AR,MARION,5,89,5089,116394,32,27.49282609,6
AR,MILLER,5,91,5091,303950,45,14.80506662,4
AR,MISSISSIPPI,5,93,5093,320928,45,14.02183667,5
AR,OUACHITA,5,103,5103,179344,26,14.49727897,5
AR,POINSETT,5,111,5111,171066,37,21.62907884,4
AR,POLK,5,113,5113,143222,32,22.34293614,6
AR,POPE,5,115,5115,434911,63,14.48572237,5
AR,PULASKI,5,119,5119,2699526,404,14.96559026,3
AR,SALINE,5,125,5125,766502,105,13.69859439,3
AR,SEBASTIAN,5,131,5131,882802,124,14.04618476,3
AR,SEVIER,5,133,5133,119588,21,17.56029033,6
AR,SHARP,5,135,5135,120355,29,24.09538449,6
AR,STONE,5,137,5137,87344,23,26.33266166,6
AR,UNION,5,139,5139,288997,53,18.33929072,5
AR,VAN BUREN,5,141,5141,120116,24,19.98068534,6
AR,WASHINGTON,5,143,5143,1457234,192,13.17564646,3
AR,WHITE,5,145,5145,542245,86,15.85998949,5
CA,ALAMEDA,6,1,6001,10768932,1010,9.378831624,1
CA,AMADOR,6,5,6005,262513,80,30.47468125,6
CA,BUTTE,6,7,6007,1546776,285,18.42542165,4
CA,CALAVERAS,6,9,6009,316872,75,23.66886314,6
CA,COLUSA,6,11,6011,149466,29,19.4024059,6
CA,CONTRA COSTA,6,13,6013,7463523,804,10.77239261,2
CA,DEL NORTE,6,15,6015,197455,46,23.29644729,5
CA,EL DORADO,6,17,6017,1266823,225,17.76096582,2
CA,FRESNO,6,19,6019,6573134,566,8.610808786,3
CA,HUMBOLDT,6,23,6023,940383,242,25.73419554,5
CA,IMPERIAL,6,25,6025,1224804,80,6.53165731,4
CA,INYO,6,27,6027,129070,30,23.24320136,6
CA,KERN,6,29,6029,5934981,691,11.64283424,3
CA,KINGS,6,31,6031,1061821,85,8.00511574,4
CA,LAKE,6,33,6033,449760,129,28.68196371,5
CA,LASSEN,6,35,6035,237213,48,20.23497869,5
CA,LOS ANGELES,6,37,6037,69384934,5569,8.026238088,1
CA,MADERA,6,39,6039,1059563,139,13.11861588,4
CA,MARIN,6,41,6041,1782796,276,15.48130016,2
CA,MARIPOSA,6,43,6043,126344,39,30.86810612,6
CA,MENDOCINO,6,45,6045,613328,151,24.6197793,5
CA,MERCED,6,47,6047,1809948,172,9.503035446,3
CA,MONTEREY,6,53,6053,2939613,276,9.388991,3
CA,NAPA,6,55,6055,965295,119,12.3278376,4
CA,NEVADA,6,57,6057,689831,144,20.874678,5
CA,ORANGE,6,59,6059,21368575,2114,9.893032175,1
CA,PLACER,6,61,6061,2487186,347,13.95150986,2
CA,PLUMAS,6,63,6063,137100,33,24.07002188,6
CA,RIVERSIDE,6,65,6065,15578020,1580,10.14249564,1
CA,SACRAMENTO,6,67,6067,10051374,1336,13.29171514,1
CA,SAN BENITO,6,69,6069,392878,27,6.872362413,2
CA,SAN BERNARDINO,6,71,6071,14404144,1480,10.27482091,2
CA,SAN DIEGO,6,73,6073,21989802,2735,12.43758357,1
CA,SAN FRANCISCO,6,75,6075,5737846,605,10.54402645,1
CA,SAN JOAQUIN,6,77,6077,4852472,508,10.46889091,3
CA,SAN LUIS OBISPO,6,79,6079,1905200,328,17.21604031,3
CA,SAN MATEO,6,81,6081,5115131,457,8.934277539,2
CA,SANTA BARBARA,6,83,6083,2993556,331,11.05708395,3
CA,SANTA CLARA,6,85,6085,12708658,1085,8.537486806,1
CA,SANTA CRUZ,6,87,6087,1851714,266,14.36506934,3
CA,SHASTA,6,89,6089,1247061,295,23.65561909,4
CA,SISKIYOU,6,93,6093,310802,77,24.77461535,6
CA,SOLANO,6,95,6095,2926625,354,12.09584419,3
CA,SONOMA,6,97,6097,3410732,490,14.36641753,3
CA,STANISLAUS,6,99,6099,3633708,392,10.78787839,3
CA,SUTTER,6,101,6101,663479,103,15.5242291,4
CA,TEHAMA,6,103,6103,441783,81,18.33479333,5
CA,TRINITY,6,105,6105,95025,25,26.30886609,6
CA,TULARE,6,107,6107,3120695,288,9.228713476,3
CA,TUOLUMNE,6,109,6109,384096,75,19.52636841,5
CA,VENTURA,6,111,6111,5798400,663,11.43418874,3
CA,YOLO,6,113,6113,1417437,129,9.100933586,2
CA,YUBA,6,115,6115,508439,75,14.75103208,4
CO,ADAMS,8,1,8001,3166336,498,15.72795812,2
CO,ALAMOSA,8,3,8003,110687,34,30.71724773,6
CO,ARAPAHOE,8,5,8005,4096470,687,16.77053658,2
CO,ARCHULETA,8,7,8007,85100,22,25.8519389,6
CO,BOULDER,8,13,8013,2108478,386,18.30704423,3
CO,BROOMFIELD,8,14,8014,402728,63,15.64331261,2
CO,CHAFFEE,8,15,8015,126036,27,21.42245073,6
CO,DELTA,8,29,8029,213842,50,23.38174914,6
CO,DENVER,8,31,8031,4330411,713,16.46494986,1
CO,DOUGLAS,8,35,8035,2054400,306,14.89485981,2
CO,EAGLE,8,37,8037,364827,49,13.43102347,5
CO,ELBERT,8,39,8039,163305,38,23.26934264,2
CO,EL PASO,8,41,8041,4429883,912,20.58745118,3
CO,FREMONT,8,43,8043,328371,98,29.84429197,5
CO,GARFIELD,8,45,8045,396270,85,21.45002145,5
CO,GRAND,8,49,8049,101971,23,22.55543243,6
CO,JEFFERSON,8,59,8059,3790719,724,19.09927905,2
CO,LA PLATA,8,67,8067,364128,72,19.77326654,5
CO,LARIMER,8,69,8069,2144668,398,18.55765088,3
CO,LAS ANIMAS,8,71,8071,105579,28,26.52042546,6
CO,LOGAN,8,75,8075,157519,25,15.87110126,5
CO,MESA,8,77,8077,1028787,262,25.46688479,4
CO,MOFFAT,8,81,8081,93738,30,32.00409652,5
CO,MONTEZUMA,8,83,8083,178571,58,32.48007795,6
CO,MONTROSE,8,85,8085,286718,59,20.5777105,5
CO,MORGAN,8,87,8087,197529,29,14.68138856,5
CO,OTERO,8,89,8089,130961,24,18.32606654,6
CO,PARK,8,93,8093,113305,38,33.53779621,2
CO,PITKIN,8,97,8097,119976,30,25.005001,5
CO,PUEBLO,8,101,8101,1117905,229,20.48474602,4
CO,ROUTT,8,107,8107,164044,49,29.87003487,5
CO,SUMMIT,8,117,8117,197163,37,18.76619853,5
CO,TELLER,8,119,8119,162369,54,33.25757996,3
CO,WELD,8,123,8123,1815616,282,15.53191864,3
CT,FAIRFIELD,9,1,9001,6482643,508,7.836309974,3
CT,HARTFORD,9,3,9003,6265245,600,9.576640658,1
CT,LITCHFIELD,9,5,9005,1318083,181,13.73206391,5
CT,MIDDLESEX,9,7,9007,1158292,140,12.08676223,2
CT,NEW HAVEN,9,9,9009,6031497,539,8.936421588,3
CT,NEW LONDON,9,11,9011,1916571,228,11.89624595,3
CT,TOLLAND,9,13,9013,1064658,118,11.08337137,2
CT,WINDHAM,9,15,9015,825411,117,14.17475658,3
DE,KENT,10,1,10001,1154745,158,13.68267453,4
DE,NEW CASTLE,10,3,10003,3799691,448,11.79043243,2
DE,SUSSEX,10,5,10005,1404666,194,13.81111239,3
DC,DISTRICT OF COLUMBIA,11,1,11001,4337658,277,6.38593453,1
FL,ALACHUA,12,1,12001,1749995,221,12.62860751,3
FL,BAKER,12,3,12003,189179,26,13.74359733,2
FL,BAY,12,5,12005,1198228,255,21.28142557,4
FL,BRADFORD,12,7,12007,195677,38,19.41975807,6
FL,BREVARD,12,9,12009,3828288,803,20.97543341,3
FL,BROWARD,12,11,12011,12527777,1645,13.13082121,2
FL,CHARLOTTE,12,15,12015,1135901,209,18.3994908,4
FL,CITRUS,12,17,12017,982313,246,25.04293438,4
FL,CLAY,12,19,12019,1350173,235,17.40517697,2
FL,COLLIER,12,21,12021,2306305,310,13.44141386,3
FL,COLUMBIA,12,23,12023,472964,83,17.54890436,5
FL,DE SOTO,12,27,12027,242837,42,17.29555216,5
FL,DIXIE,12,29,12029,113317,27,23.8269633,6
FL,DUVAL,12,31,12031,6117404,956,15.62754397,1
FL,ESCAMBIA,12,33,12033,2113874,332,15.70576108,3
FL,FLAGLER,12,35,12035,682105,114,16.71296941,3
FL,GADSDEN,12,39,12039,325484,43,13.21109486,3
FL,GILCHRIST,12,41,12041,118320,21,17.7484787,3
FL,HARDEE,12,49,12049,192972,21,10.88240781,5
FL,HENDRY,12,51,12051,270084,24,8.886124317,5
FL,HERNANDO,12,53,12053,1213180,247,20.35971579,2
FL,HIGHLANDS,12,55,12055,689912,137,19.85760503,4
FL,HILLSBOROUGH,12,57,12057,8804244,1176,13.35719455,1
FL,HOLMES,12,59,12059,139060,35,25.1689918,6
FL,INDIAN RIVER,12,61,12061,977678,167,17.08128852,4
FL,JACKSON,12,63,12063,345989,52,15.02937955,6
FL,LAKE,12,69,12069,2113358,348,16.46668477,2
FL,LEE,12,71,12071,4459284,784,17.5812978,3
FL,LEON,12,73,12073,1948226,237,12.16491311,3
FL,LEVY,12,75,12075,282061,66,23.39919379,6
FL,MANATEE,12,81,12081,2318002,420,18.11905253,3
FL,MARION,12,83,12083,2334558,448,19.18992803,3
FL,MARTIN,12,85,12085,1037504,212,20.43365616,3
FL,MIAMI-DADE,12,86,12086,17892056,1615,9.026352254,1
FL,MONROE,12,87,12087,521261,148,28.3926862,5
FL,NASSAU,12,89,12089,518588,112,21.59710599,2
FL,OKALOOSA,12,91,12091,1307896,266,20.33800853,4
FL,OKEECHOBEE,12,93,12093,276814,54,19.50768386,5
FL,ORANGE,12,95,12095,8245084,881,10.68515494,1
FL,OSCEOLA,12,97,12097,1973132,209,10.59229692,2
FL,PALM BEACH,12,99,12099,9393574,1450,15.43608428,2
FL,PASCO,12,101,12101,3286799,668,20.3237253,2
FL,PINELLAS,12,103,12103,6456781,1305,20.21130963,1
FL,POLK,12,105,12105,4278836,554,12.94744646,3
FL,PUTNAM,12,107,12107,515642,98,19.005434,5
FL,ST JOHNS,12,109,12109,1383792,250,18.06629898,2
FL,ST LUCIE,12,111,12111,1966957,316,16.06542492,3
FL,SANTA ROSA,12,113,12113,1087782,201,18.47796709,3
FL,SARASOTA,12,115,12115,2688655,523,19.45210523,3
FL,SEMINOLE,12,117,12117,2996733,395,13.1810208,2
FL,SUMTER,12,119,12119,694750,98,14.10579345,4
FL,SUWANNEE,12,121,12121,298289,47,15.75653142,6
FL,TAYLOR,12,123,12123,158286,29,18.32126657,6
FL,VOLUSIA,12,127,12127,3486929,732,20.99268439,3
FL,WAKULLA,12,129,12129,214642,41,19.10157378,3
FL,WALTON,12,131,12131,396988,84,21.15932975,4
FL,WASHINGTON,12,133,12133,172834,38,21.98641471,6
GA,BALDWIN,13,9,13009,324246,34,10.48586567,5
GA,BANKS,13,11,13011,127738,23,18.00560522,6
GA,BARROW,13,13,13013,489959,85,17.34839038,2
GA,BARTOW,13,15,13015,702123,120,17.09102251,2
GA,BIBB,13,21,13021,1085639,115,10.59283979,4
GA,BRYAN,13,29,13029,219921,30,13.64126209,3
GA,BULLOCH,13,31,13031,494968,59,11.9199625,5
GA,BUTTS,13,35,13035,164737,26,15.78273248,2
GA,CAMDEN,13,39,13039,355528,57,16.03249252,5
GA,CARROLL,13,45,13045,779858,116,14.87450279,2
GA,CATOOSA,13,47,13047,451843,50,11.06579055,3
GA,CHATHAM,13,51,13051,1893038,243,12.83650936,3
GA,CHATTOOGA,13,55,13055,179495,25,13.92796457,5
GA,CHEROKEE,13,57,13057,1529387,194,12.68482078,2
GA,CLARKE,13,59,13059,830248,95,11.44236421,4
GA,CLAYTON,13,63,13063,1842871,130,7.054210523,2
GA,COBB,13,67,13067,4907583,496,10.10680818,2
GA,COFFEE,13,69,13069,298255,42,14.08190978,5
GA,COLQUITT,13,71,13071,319811,48,15.00886461,5
GA,COLUMBIA,13,73,13073,899460,112,12.45191559,3
GA,COWETA,13,77,13077,904250,112,12.38595521,2
GA,DADE,13,83,13083,115974,25,21.55655578,3
GA,DAWSON,13,85,13085,156804,38,24.23407566,2
GA,DECATUR,13,87,13087,193628,29,14.97717272,5
GA,DE KALB,13,89,13089,4911550,394,8.021907544,2
GA,DOUGHERTY,13,95,13095,658534,62,9.414851777,4
GA,DOUGLAS,13,97,13097,935745,108,11.54160589,2
GA,EFFINGHAM,13,103,13103,370817,38,10.24764237,3
GA,ELBERT,13,105,13105,139346,22,15.78803841,6
GA,FANNIN,13,111,13111,165230,33,19.97216002,6
GA,FAYETTE,13,113,13113,749914,68,9.06770643,2
GA,FLOYD,13,115,13115,672958,106,15.75135447,4
GA,FORSYTH,13,117,13117,1283674,135,10.51668882,2
GA,FRANKLIN,13,119,13119,154678,29,18.74862618,6
GA,FULTON,13,121,13121,6624135,705,10.64289904,1
GA,GILMER,13,123,13123,198578,30,15.10741371,6
GA,GLYNN,13,127,13127,561469,71,12.64539984,4
GA,GORDON,13,129,13129,387823,48,12.37678013,5
GA,GRADY,13,131,13131,175780,24,13.65343042,6
GA,GWINNETT,13,135,13135,5784398,578,9.992396789,2
GA,HABERSHAM,13,137,13137,302153,35,11.58353549,5
GA,HALL,13,139,13139,1282022,158,12.32428149,4
GA,HARALSON,13,143,13143,200225,47,23.47359221,2
GA,HARRIS,13,145,13145,224853,33,14.67625515,3
GA,HART,13,147,13147,177300,35,19.74055274,6
GA,HENRY,13,151,13151,1438340,167,11.61060667,2
GA,HOUSTON,13,153,13153,999629,128,12.80475056,4
GA,JACKSON,13,157,13157,423821,67,15.80856069,5
GA,JONES,13,169,13169,201192,26,12.92297904,4
GA,LAURENS,13,175,13175,336978,42,12.46372167,5
GA,LEE,13,177,13177,200328,30,14.97544028,4
GA,LIBERTY,13,179,13179,452910,69,15.23481486,4
GA,LOWNDES,13,185,13185,774609,95,12.26425203,4
GA,LUMPKIN,13,187,13187,212104,29,13.672538,6
GA,MC DUFFIE,13,189,13189,151494,29,19.14267232,3
GA,MADISON,13,195,13195,196504,29,14.7579693,4
GA,MONROE,13,207,13207,186096,23,12.35921245,4
GA,MURRAY,13,213,13213,276915,39,14.08374411,4
GA,MUSCOGEE,13,215,13215,1363596,175,12.83371321,3
GA,NEWTON,13,217,13217,705048,91,12.90692265,2
GA,OCONEE,13,219,13219,232809,28,12.02702645,4
GA,PAULDING,13,223,13223,1005214,149,14.82271437,2
GA,PEACH,13,225,13225,191305,29,15.15903923,4
GA,PICKENS,13,227,13227,206794,41,19.826494,2
GA,PIERCE,13,229,13229,131029,21,16.02698639,5
GA,PIKE,13,231,13231,124395,21,16.88170746,2
GA,POLK,13,233,13233,288988,44,15.2255457,5
GA,PUTNAM,13,237,13237,148396,29,19.54230572,6
GA,RABUN,13,241,13241,114006,34,29.82299177,6
GA,RICHMOND,13,245,13245,1402666,176,12.54753448,3
GA,ROCKDALE,13,247,13247,599252,57,9.511858116,2
GA,SPALDING,13,255,13255,447505,60,13.40767142,2
GA,STEPHENS,13,257,13257,180799,25,13.82751011,5
GA,TATTNALL,13,267,13267,175676,24,13.66151324,6
GA,THOMAS,13,275,13275,312961,43,13.73973115,5
GA,TIFT,13,277,13277,283030,33,11.65954139,5
GA,TOOMBS,13,279,13279,190688,23,12.06158751,5
GA,TROUP,13,285,13285,474047,67,14.13361966,5
GA,UNION,13,291,13291,150420,34,22.60337721,6
GA,UPSON,13,293,13293,188170,22,11.69155551,5
GA,WALKER,13,295,13295,478808,62,12.94882291,3
GA,WALTON,13,297,13297,592633,100,16.87384941,2
GA,WARE,13,299,13299,251572,27,10.73251395,5
GA,WAYNE,13,305,13305,210890,23,10.90615961,5
GA,WHITE,13,311,13311,191450,22,11.49125098,6
GA,WHITFIELD,13,313,13313,717046,60,8.367663999,4
HI,HAWAII,15,1,15001,1311798,251,19.1340435,5
HI,HONOLULU,15,3,15003,6752176,743,11.00386009,3
HI,KAUAI,15,7,15007,475718,77,16.18605981,5
HI,MAUI,15,9,15009,1098465,190,17.29686426,4
ID,ADA,16,1,16001,2816343,443,15.72961816,3
ID,BANNOCK,16,5,16005,579414,139,23.98975517,4
ID,BINGHAM,16,11,16011,317162,53,16.71070305,5
ID,BLAINE,16,13,16013,149491,33,22.07490752,5
ID,BONNER,16,17,16017,286218,65,22.70996234,5
ID,BONNEVILLE,16,19,16019,736911,140,18.99822367,4
ID,CANYON,16,27,16027,1348701,221,16.38613748,3
ID,CASSIA,16,31,16031,160860,24,14.91980604,5
ID,ELMORE,16,39,16039,185373,38,20.4992097,5
ID,IDAHO,16,49,16049,113578,22,19.36994841,6
ID,JEFFERSON,16,51,16051,183479,32,17.44068804,4
ID,JEROME,16,53,16053,156083,39,24.98670579,5
ID,KOOTENAI,16,55,16055,986553,197,19.96851664,4
ID,LATAH,16,57,16057,263377,32,12.14988401,5
ID,LEMHI,16,59,16059,54901,23,41.89359028,6
ID,MINIDOKA,16,67,16067,140235,21,14.97486362,5
ID,NEZ PERCE,16,69,16069,276077,74,26.80411624,4
ID,PAYETTE,16,75,16075,158556,25,15.76729988,5
ID,SHOSHONE,16,79,16079,89087,32,35.91994343,6
ID,TWIN FALLS,16,83,16083,545782,122,22.35324727,5
IL,ADAMS,17,1,17001,469490,58,12.35383075,5
IL,BOONE,17,7,17007,378412,41,10.83475154,3
IL,BUREAU,17,11,17011,242015,35,14.46191352,5
IL,CHAMPAIGN,17,19,17019,1418228,127,8.954836599,4
IL,CHRISTIAN,17,21,17021,241876,35,14.47022441,5
IL,CLINTON,17,27,17027,264632,28,10.58073098,2
IL,COLES,17,29,17029,375282,43,11.45805021,5
IL,COOK,17,31,17031,36478653,2934,8.043060143,1
IL,DE KALB,17,37,17037,734384,55,7.489269919,2
IL,DU PAGE,17,43,17043,6453969,565,8.754302972,2
IL,EDGAR,17,45,17045,128360,25,19.47647242,6
IL,FAYETTE,17,51,17051,154324,22,14.25572173,6
IL,FRANKLIN,17,55,17055,277436,42,15.13862657,6
IL,FULTON,17,57,17057,257391,35,13.59798905,5
IL,GRUNDY,17,63,17063,349700,41,11.72433514,2
IL,HENRY,17,73,17073,351237,44,12.52715403,3
IL,IROQUOIS,17,75,17075,206504,39,18.88583272,6
IL,JACKSON,17,77,17077,419725,47,11.19780809,4
IL,JEFFERSON,17,81,17081,271850,40,14.71399669,5
IL,KANE,17,89,17089,3624328,285,7.863526701,2
IL,KANKAKEE,17,91,17091,789161,74,9.377047269,4
IL,KENDALL,17,93,17093,811516,73,8.995509639,2
IL,KNOX,17,95,17095,367890,62,16.85286363,5
IL,LAKE,17,97,17097,4913584,482,9.809540246,2
IL,LA SALLE,17,99,17099,791719,108,13.64120351,5
IL,LEE,17,103,17103,248764,36,14.47154733,5
IL,LIVINGSTON,17,105,17105,270600,30,11.0864745,5
IL,LOGAN,17,107,17107,211111,22,10.42105812,5
IL,MC DONOUGH,17,109,17109,227184,22,9.683780548,5
IL,MC HENRY,17,111,17111,2154397,246,11.41850829,2
IL,MC LEAN,17,113,17113,1197230,136,11.35955497,4
IL,MACON,17,115,17115,770498,90,11.68075712,4
IL,MACOUPIN,17,117,17117,331847,40,12.05374766,2
IL,MADISON,17,119,17119,1876838,251,13.37355701,2
IL,MARION,17,121,17121,273850,51,18.62333394,5
IL,MASON,17,125,17125,101314,21,20.72763883,6
IL,MASSAC,17,127,17127,106612,29,27.20144074,5
IL,MONROE,17,133,17133,232194,26,11.1975331,2
IL,MONTGOMERY,17,135,17135,209098,33,15.78207348,6
IL,MORGAN,17,137,17137,247717,34,13.7253398,5
IL,OGLE,17,141,17141,371381,57,15.34811959,5
IL,PEORIA,17,143,17143,1307943,153,11.69775747,3
IL,RANDOLPH,17,157,17157,232588,34,14.61812303,6
IL,ROCK ISLAND,17,161,17161,1029787,136,13.20661457,3
IL,ST CLAIR,17,163,17163,1876730,211,11.24295983,2
IL,SALINE,17,165,17165,174408,33,18.92115041,6
IL,SANGAMON,17,167,17167,1384945,166,11.98603555,4
IL,STEPHENSON,17,177,17177,330894,34,10.27519387,5
IL,TAZEWELL,17,179,17179,948256,109,11.49478622,3
IL,VERMILION,17,183,17183,567533,71,12.51028575,4
IL,WARREN,17,187,17187,124267,24,19.31325292,6
IL,WAYNE,17,191,17191,116878,24,20.53423228,6
IL,WHITE,17,193,17193,102404,21,20.50701144,6
IL,WHITESIDE,17,195,17195,405877,46,11.3334828,5
IL,WILL,17,197,17197,4755636,403,8.474155718,2
IL,WILLIAMSON,17,199,17199,465867,85,18.24555077,4
IL,WINNEBAGO,17,201,17201,2051581,238,11.60080933,3
IL,WOODFORD,17,203,17203,271971,37,13.60439164,3
IN,ALLEN,18,3,18003,2509377,288,11.47695225,3
IN,BARTHOLOMEW,18,5,18005,545730,80,14.65926374,4
IN,BOONE,18,11,18011,406599,57,14.01872607,2
IN,BROWN,18,13,18013,105936,21,19.82328953,2
IN,CARROLL,18,15,18015,140553,22,15.6524585,4
IN,CASS,18,17,18017,271650,36,13.25234677,5
IN,CLARK,18,19,18019,777220,125,16.08296235,2
IN,CLAY,18,21,18021,187965,21,11.17229271,4
IN,CLINTON,18,23,18023,231590,31,13.38572477,5
IN,DEARBORN,18,29,18029,348728,53,15.19809135,2
IN,DECATUR,18,31,18031,181699,27,14.85974056,5
IN,DE KALB,18,33,18033,295662,43,14.54363429,5
IN,DELAWARE,18,35,18035,821703,92,11.19625948,4
IN,DUBOIS,18,37,18037,294691,40,13.57353974,5
IN,ELKHART,18,39,18039,1393113,118,8.470238954,4
IN,FAYETTE,18,41,18041,168343,36,21.38491057,5
IN,FLOYD,18,43,18043,525134,74,14.09164137,2
IN,FRANKLIN,18,47,18047,161458,21,13.00647846,6
IN,FULTON,18,49,18049,144648,26,17.97466954,6
IN,GIBSON,18,51,18051,234583,48,20.4618408,6
IN,GRANT,18,53,18053,487071,68,13.96100363,5
IN,GREENE,18,55,18055,230828,37,16.02925122,6
IN,HAMILTON,18,57,18057,1978171,179,9.048762721,2
IN,HANCOCK,18,59,18059,491367,64,13.02488771,2
IN,HARRISON,18,61,18061,273857,42,15.33647122,2
IN,HENDRICKS,18,63,18063,1039137,119,11.45181049,2
IN,HENRY,18,65,18065,344850,59,17.10888792,5
IN,HOWARD,18,67,18067,580729,72,12.39820984,4
IN,HUNTINGTON,18,69,18069,259270,30,11.5709492,5
IN,JACKSON,18,71,18071,298930,34,11.37390024,5
IN,JASPER,18,73,18073,233622,27,11.55713075,2
IN,JEFFERSON,18,77,18077,227381,41,18.03140984,5
IN,JENNINGS,18,79,18079,198201,35,17.65884128,5
IN,JOHNSON,18,81,18081,993844,105,10.56503838,2
IN,KNOX,18,83,18083,267957,45,16.79373929,5
IN,KOSCIUSKO,18,85,18085,543316,59,10.85924214,5
IN,LAKE,18,89,18089,3456918,430,12.43882557,2
IN,LA PORTE,18,91,18091,779244,123,15.78452962,4
IN,LAWRENCE,18,93,18093,322215,51,15.82794097,5
IN,MADISON,18,95,18095,916546,169,18.43879085,2
IN,MARION,18,97,18097,6383262,920,14.4126937,1
IN,MARSHALL,18,99,18099,329339,46,13.96737101,5
IN,MIAMI,18,103,18103,256485,24,9.357272355,5
IN,MONROE,18,105,18105,975560,126,12.9156587,4
IN,MONTGOMERY,18,107,18107,267329,39,14.58876515,5
IN,MORGAN,18,109,18109,484002,96,19.83462878,2
IN,NEWTON,18,111,18111,99242,26,26.19858528,2
IN,NOBLE,18,113,18113,332684,43,12.92517825,5
IN,ORANGE,18,117,18117,138573,26,18.76267383,6
IN,OWEN,18,119,18119,149998,22,14.66686222,4
IN,PARKE,18,121,18121,120855,28,23.16825948,6
IN,PERRY,18,123,18123,135849,21,15.45833977,6
IN,PORTER,18,127,18127,1155057,172,14.89104001,2
IN,POSEY,18,129,18129,180282,37,20.52340223,3
IN,PUTNAM,18,133,18133,265053,43,16.22317046,2
IN,ST JOSEPH,18,141,18141,1868835,243,13.00275305,3
IN,SCOTT,18,143,18143,167728,34,20.27091481,2
IN,SHELBY,18,145,18145,311150,58,18.64052708,2
IN,SPENCER,18,147,18147,146498,21,14.33466668,6
IN,STARKE,18,149,18149,162790,29,17.81436206,6
IN,SULLIVAN,18,153,18153,149224,25,16.75333726,4
IN,TIPPECANOE,18,157,18157,1231420,122,9.907261535,4
IN,VANDERBURGH,18,163,18163,1261347,271,21.48496805,3
IN,VERMILLION,18,165,18165,112591,23,20.42792053,4
IN,VIGO,18,167,18167,755690,143,18.92310339,4
IN,WABASH,18,169,18169,228771,23,10.05372184,5
IN,WARRICK,18,173,18173,420150,59,14.04260383,3
IN,WASHINGTON,18,175,18175,196497,37,18.82980402,2
IN,WAYNE,18,177,18177,479836,61,12.71267683,5
IN,WHITLEY,18,183,18183,232663,29,12.46437981,3
IA,ALLAMAKEE,19,5,19005,99333,22,22.14772533,6
IA,BLACK HAWK,19,13,19013,919466,97,10.54960162,4
IA,CARROLL,19,27,19027,144984,21,14.48435689,6
IA,CASS,19,29,19029,96385,21,21.78762256,6
IA,CERRO GORDO,19,33,19033,307110,52,16.93204389,5
IA,CLINTON,19,45,19045,341773,56,16.38514453,5
IA,DALLAS,19,49,19049,486738,44,9.039770883,3
IA,DES MOINES,19,57,19057,282016,40,14.18359242,5
IA,DUBUQUE,19,61,19061,661056,89,13.46330719,4
IA,FAYETTE,19,65,19065,145333,33,22.7064741,6
IA,JACKSON,19,97,19097,138061,27,19.55657282,6
IA,JASPER,19,99,19099,257595,40,15.52825171,5
IA,JOHNSON,19,103,19103,940603,112,11.90725524,4
IA,JONES,19,105,19105,144397,27,18.69844941,3
IA,LEE,19,111,19111,249436,31,12.42803765,5
IA,LINN,19,113,19113,1493018,175,11.72122506,3
IA,MARION,19,125,19125,233583,31,13.27151377,6
IA,MARSHALL,19,127,19127,285007,29,10.17518868,5
IA,MUSCATINE,19,139,19139,299568,41,13.68637505,5
IA,POLK,19,153,19153,3069310,406,13.22772871,3
IA,POTTAWATTAMIE,19,155,19155,649716,98,15.08351341,3
IA,SCOTT,19,163,19163,1168450,183,15.66177415,3
IA,STORY,19,169,19169,636758,56,8.794549892,4
IA,WAPELLO,19,179,19179,247865,46,18.5584895,5
IA,WARREN,19,181,19181,326570,47,14.39201396,3
IA,WEBSTER,19,187,19187,263730,42,15.92537823,5
IA,WOODBURY,19,193,19193,714184,82,11.48163498,4
KS,ATCHISON,20,5,20005,117524,21,17.86869065,5
KS,BARTON,20,9,20009,192659,43,22.31922724,5
KS,BOURBON,20,11,20011,104855,21,20.02765724,6
KS,BUTLER,20,15,20015,460156,67,14.56027956,3
KS,CHEROKEE,20,21,20021,149312,31,20.76189456,6
KS,COWLEY,20,35,20035,253489,34,13.41281081,5
KS,CRAWFORD,20,37,20037,274282,35,12.76058947,5
KS,DOUGLAS,20,45,20045,787093,98,12.45087938,4
KS,ELLIS,20,51,20051,200752,31,15.44193831,5
KS,FINNEY,20,55,20055,257094,25,9.724069795,5
KS,FORD,20,57,20057,238152,31,13.01689677,5
KS,FRANKLIN,20,59,20059,180879,29,16.03281752,5
KS,GEARY,20,61,20061,243202,43,17.68077565,5
KS,HARVEY,20,79,20079,242427,35,14.43733578,3
KS,JEFFERSON,20,87,20087,132775,21,15.81623047,4
KS,JOHNSON,20,91,20091,3870208,525,13.56516239,2
KS,LEAVENWORTH,20,103,20103,538126,90,16.7247076,2
KS,LYON,20,111,20111,236974,35,14.76955278,5
KS,MC PHERSON,20,113,20113,204898,29,14.15338363,5
KS,MIAMI,20,121,20121,228325,33,14.45308223,2
KS,MONTGOMERY,20,125,20125,244236,30,12.28320149,5
KS,POTTAWATOMIE,20,149,20149,153652,22,14.3180694,4
KS,RENO,20,155,20155,449240,59,13.13329178,5
KS,RILEY,20,161,20161,511334,50,9.778344487,4
KS,SALINE,20,169,20169,388789,51,13.11765508,5
KS,SEDGWICK,20,173,20173,3499107,498,14.23220267,3
KS,SHAWNEE,20,177,20177,1244914,199,15.98503993,4
KS,SUMNER,20,191,20191,167236,26,15.54689182,3
KS,WYANDOTTE,20,209,20209,1108583,169,15.24468623,2
KY,ADAIR,21,1,21001,132215,23,17.39590818,6
KY,ALLEN,21,3,21003,140659,24,17.06254132,4
KY,ANDERSON,21,5,21005,150700,30,19.9071002,5
KY,BARREN,21,9,21009,297419,47,15.80262189,5
KY,BELL,21,13,21013,198660,38,19.12815866,5
KY,BOONE,21,15,21015,847380,100,11.80108098,2
KY,BOYD,21,19,21019,344675,43,12.47552042,3
KY,BOYLE,21,21,21021,202115,35,17.31687406,5
KY,BREATHITT,21,25,21025,96591,22,22.77644915,6
KY,BRECKINRIDGE,21,27,21027,140383,30,21.37010892,6
KY,BULLITT,21,29,21029,526769,81,15.37675907,2
KY,CALLOWAY,21,35,21035,263245,37,14.05534768,5
KY,CAMPBELL,21,37,21037,634161,68,10.72282906,2
KY,CARTER,21,43,21043,192700,23,11.93565127,6
KY,CHRISTIAN,21,47,21047,517528,95,18.35649472,3
KY,CLARK,21,49,21049,249036,39,15.66038645,3
KY,CLAY,21,51,21051,151508,25,16.50077884,6
KY,DAVIESS,21,59,21059,679763,123,18.09454177,4
KY,FAYETTE,21,67,21067,2101672,266,12.65658961,3
KY,FLOYD,21,71,21071,274547,63,22.9468907,6
KY,FRANKLIN,21,73,21073,346066,39,11.26952662,5
KY,GRANT,21,81,21081,172870,33,19.08948921,2
KY,GRAVES,21,83,21083,260961,46,17.62715502,5
KY,GRAYSON,21,85,21085,180802,49,27.10147012,6
KY,GREENUP,21,89,21089,257441,24,9.322524384,3
KY,HARDIN,21,93,21093,737554,118,15.99882856,4
KY,HARLAN,21,95,21095,202886,22,10.84352789,6
KY,HARRISON,21,97,21097,131011,30,22.89884056,6
KY,HENDERSON,21,101,21101,324035,58,17.899301,3
KY,HENRY,21,103,21103,108184,23,21.26007543,2
KY,HOPKINS,21,107,21107,327422,60,18.32497511,5
KY,JEFFERSON,21,111,21111,5223192,750,14.35903562,1
KY,JESSAMINE,21,113,21113,343495,42,12.22725222,3
KY,JOHNSON,21,115,21115,163397,22,13.46413949,6
KY,KENTON,21,117,21117,1126767,154,13.66742192,2
KY,KNOX,21,121,21121,222965,35,15.697531,5
KY,LAUREL,21,125,21125,414164,62,14.9699153,5
KY,LETCHER,21,133,21133,168500,29,17.21068249,6
KY,LINCOLN,21,137,21137,172157,28,16.26422394,5
KY,LOGAN,21,141,21141,187875,35,18.62940785,6
KY,MC CRACKEN,21,145,21145,458665,99,21.58438076,5
KY,MADISON,21,151,21151,590292,80,13.55261464,5
KY,MARION,21,155,21155,139248,22,15.79914972,6
KY,MARSHALL,21,157,21157,218935,69,31.51620344,6
KY,MEADE,21,163,21163,203277,37,18.2017641,4
KY,MERCER,21,167,21167,149103,39,26.15641536,6
KY,MONTGOMERY,21,173,21173,187269,28,14.95175389,5
KY,MUHLENBERG,21,177,21177,219805,39,17.74299948,6
KY,NELSON,21,179,21179,306667,37,12.06520428,5
KY,OHIO,21,183,21183,167695,26,15.50433823,6
KY,OLDHAM,21,185,21185,427617,41,9.588019185,2
KY,PENDLETON,21,191,21191,102818,24,23.34221634,2
KY,PERRY,21,193,21193,198712,33,16.60694875,6
KY,PIKE,21,195,21195,452215,57,12.60462391,6
KY,PULASKI,21,199,21199,442391,72,16.27519547,5
KY,SCOTT,21,209,21209,337039,43,12.75816745,3
KY,SHELBY,21,211,21211,300333,30,9.988912307,2
KY,SIMPSON,21,213,21213,122154,22,18.01005288,6
KY,TAYLOR,21,217,21217,173628,25,14.3985993,5
KY,UNION,21,225,21225,105751,23,21.74920332,6
KY,WARREN,21,227,21227,807583,116,14.36384867,4
KY,WHITLEY,21,235,21235,249897,37,14.80610011,5
KY,WOODFORD,21,239,21239,174931,28,16.00631106,3
LA,ACADIA,22,1,22001,432633,73,16.8734239,3
LA,ALLEN,22,3,22003,180192,25,13.87408986,6
LA,ASCENSION,22,5,22005,768953,80,10.4037568,3
LA,AVOYELLES,22,9,22009,292057,60,20.54393492,6
LA,BEAUREGARD,22,11,22011,250410,25,9.983626852,5
LA,BOSSIER,22,15,22015,837978,116,13.84284552,3
LA,CADDO,22,17,22017,1782204,194,10.88539808,3
LA,CALCASIEU,22,19,22019,1354322,206,15.21056292,4
LA,DE SOTO,22,31,22031,187768,24,12.78173065,3
LA,EAST BATON ROUGE,22,33,22033,3088652,298,9.648221943,3
LA,EVANGELINE,22,39,22039,237302,53,22.33440932,6
LA,GRANT,22,43,22043,155510,24,15.43309112,4
LA,IBERIA,22,45,22045,515536,65,12.60823686,3
LA,IBERVILLE,22,47,22047,233947,26,11.1136283,3
LA,JEFFERSON,22,51,22051,3036103,377,12.41723354,2
LA,JEFFERSON DAVIS,22,53,22053,220444,22,9.97985883,6
LA,LAFAYETTE,22,55,22055,1574449,185,11.75014243,3
LA,LAFOURCHE,22,57,22057,677479,102,15.05581723,4
LA,LINCOLN,22,61,22061,328077,25,7.62016234,5
LA,LIVINGSTON,22,63,22063,910331,162,17.79572485,3
LA,MOREHOUSE,22,67,22067,193145,21,10.87266044,5
LA,NATCHITOCHES,22,69,22069,275519,24,8.71083301,5
LA,ORLEANS,22,71,22071,2467844,258,10.45446957,1
LA,OUACHITA,22,73,22073,1080981,134,12.39614757,4
LA,POINTE COUPEE,22,77,22077,159003,32,20.12540644,3
LA,RAPIDES,22,79,22079,922699,118,12.78856919,4
LA,SABINE,22,85,22085,169751,31,18.26204264,6
LA,ST BERNARD,22,87,22087,266430,30,11.25999324,2
LA,ST CHARLES,22,89,22089,368226,49,13.30704513,2
LA,ST JOHN THE BAPTIST,22,95,22095,316270,30,9.48556613,2
LA,ST LANDRY,22,97,22097,585726,102,17.41428586,5
LA,ST MARTIN,22,99,22099,367939,51,13.86099326,3
LA,ST MARY,22,101,22101,377910,48,12.70143685,5
LA,ST TAMMANY,22,103,22103,1658712,248,14.95135985,2
LA,TANGIPAHOA,22,105,22105,858778,101,11.76089746,4
LA,TERREBONNE,22,109,22109,784317,90,11.47495209,4
LA,UNION,22,111,22111,158309,28,17.68692873,4
LA,VERMILION,22,113,22113,408936,44,10.75962987,3
LA,VERNON,22,115,22115,362714,43,11.85507039,5
LA,WASHINGTON,22,117,22117,327928,42,12.80768949,5
LA,WEBSTER,22,119,22119,286811,48,16.73575979,3
LA,WEST BATON ROUGE,22,121,22121,168179,23,13.67590484,3
ME,ANDROSCOGGIN,23,1,23001,753506,109,14.46571096,4
ME,AROOSTOOK,23,3,23003,498230,86,17.26110431,6
ME,CUMBERLAND,23,5,23005,1984688,277,13.95685367,3
ME,FRANKLIN,23,7,23007,214342,28,13.06323539,6
ME,HANCOCK,23,9,23009,381842,59,15.45141708,6
ME,KENNEBEC,23,11,23011,851863,133,15.61283915,5
ME,KNOX,23,13,23013,278441,44,15.8022705,6
ME,LINCOLN,23,15,23015,240656,46,19.11442058,6
ME,OXFORD,23,17,23017,403696,63,15.60580239,6
ME,PENOBSCOT,23,19,23019,1075369,159,14.78562242,4
ME,PISCATAQUIS,23,21,23021,121317,25,20.60716965,6
ME,SAGADAHOC,23,23,23023,247010,38,15.38399255,3
ME,SOMERSET,23,25,23025,363229,61,16.79381327,6
ME,WALDO,23,27,23027,271893,48,17.6540036,6
ME,WASHINGTON,23,29,23029,228243,50,21.90647687,6
ME,YORK,23,31,23031,1389448,247,17.77684375,3
MD,ALLEGANY,24,1,24001,519719,65,12.50675846,4
MD,ANNE ARUNDEL,24,3,24003,3807527,428,11.24089205,2
MD,BALTIMORE,24,5,24005,5687857,597,10.49604447,2
MD,CALVERT,24,9,24009,624795,89,14.24467225,2
MD,CARROLL,24,13,24013,1171369,144,12.29330809,2
MD,CECIL,24,15,24015,710013,104,14.64761913,2
MD,CHARLES,24,17,24017,1042818,122,11.69906925,2
MD,DORCHESTER,24,19,24019,227944,25,10.96760608,5
MD,FREDERICK,24,21,24021,1655708,181,10.93187929,2
MD,HARFORD,24,25,24025,1726231,213,12.33902068,2
MD,HOWARD,24,27,24027,2056293,167,8.121410713,2
MD,KENT,24,29,24029,140348,24,17.10035056,6
MD,MONTGOMERY,24,31,24031,6923037,484,6.991151427,2
MD,PRINCE GEORGES,24,33,24033,6127665,379,6.185063968,2
MD,QUEEN ANNES,24,35,24035,336719,45,13.36425922,2
MD,ST MARYS,24,37,24037,746967,89,11.91485032,4
MD,TALBOT,24,41,24041,264193,34,12.86937958,5
MD,WASHINGTON,24,43,24043,1037872,142,13.68184131,3
MD,WICOMICO,24,45,24045,696895,77,11.04901025,3
MD,WORCESTER,24,47,24047,360279,49,13.60057067,3
MD,BALTIMORE CITY,24,510,24510,4351690,369,8.4794643,1
MA,BARNSTABLE,25,1,25001,1508878,210,13.91762621,4
MA,BERKSHIRE,25,3,25003,912864,105,11.50226102,4
MA,BRISTOL,25,5,25005,3848316,394,10.23824447,2
MA,ESSEX,25,9,25009,5258103,431,8.196872522,2
MA,FRANKLIN,25,11,25011,499520,52,10.40999359,5
MA,HAMPDEN,25,13,25013,3256397,341,10.47169617,3
MA,HAMPSHIRE,25,15,25015,1115977,106,9.498403641,3
MA,MIDDLESEX,25,17,25017,10667207,814,7.630863449,2
MA,NORFOLK,25,21,25021,4740509,361,7.615216003,2
MA,PLYMOUTH,25,23,25023,3486031,334,9.581096668,2
MA,SUFFOLK,25,25,25025,5154760,322,6.246653578,1
MA,WORCESTER,25,27,25027,5618486,500,8.899194552,3
MI,ALLEGAN,26,5,26005,784072,94,11.98869492,5
MI,ALPENA,26,7,26007,206137,32,15.5236566,5
MI,ANTRIM,26,9,26009,164744,27,16.38906425,6
MI,ARENAC,26,11,26011,110639,22,19.88448919,6
MI,BARRY,26,15,26015,414886,69,16.63107456,2
MI,BAY,26,17,26017,751680,97,12.90442742,4
MI,BERRIEN,26,21,26021,1094407,128,11.69583162,4
MI,BRANCH,26,23,26023,311590,53,17.00953176,5
MI,CALHOUN,26,25,26025,949510,144,15.16571705,4
MI,CASS,26,27,26027,365149,57,15.61006603,3
MI,CHARLEVOIX,26,29,26029,182578,30,16.43133346,6
MI,CHEBOYGAN,26,31,26031,182244,38,20.85116657,6
MI,CHIPPEWA,26,33,26033,271834,51,18.76145,5
MI,CLARE,26,35,26035,215782,29,13.43948986,6
MI,CLINTON,26,37,26037,531519,36,6.773041039,3
MI,DELTA,26,41,26041,258680,29,11.21076233,5
MI,DICKINSON,26,43,26043,183473,34,18.53133704,5
MI,EATON,26,45,26045,755858,96,12.7007983,3
MI,EMMET,26,47,26047,230264,32,13.89709203,6
MI,GENESEE,26,49,26049,2955153,383,12.96041186,3
MI,GLADWIN,26,51,26051,179658,21,11.68887553,6
MI,GOGEBIC,26,53,26053,113133,35,30.93703871,6
MI,GRAND TRAVERSE,26,55,26055,617914,86,13.91779439,5
MI,GRATIOT,26,57,26057,295413,35,11.84781983,5
MI,HILLSDALE,26,59,26059,325186,48,14.76078306,5
MI,HOUGHTON,26,61,26061,256281,31,12.09609764,5
MI,HURON,26,63,26063,229431,37,16.12685295,6
MI,INGHAM,26,65,26065,1974896,205,10.38029344,3
MI,IONIA,26,67,26067,448961,65,14.47787224,5
MI,IOSCO,26,69,26069,180314,35,19.41058376,6
MI,ISABELLA,26,73,26073,491878,44,8.945307576,5
MI,JACKSON,26,75,26075,1120671,172,15.34794779,4
MI,KALAMAZOO,26,77,26077,1769790,231,13.05239605,3
MI,KENT,26,81,26081,4277384,440,10.28666119,1
MI,LAPEER,26,87,26087,619625,102,16.4615695,2
MI,LENAWEE,26,91,26091,697947,74,10.60252426,5
MI,LIVINGSTON,26,93,26093,1278555,165,12.90519375,2
MI,MACOMB,26,99,26099,5923894,821,13.85912712,2
MI,MANISTEE,26,101,26101,172682,33,19.11027206,6
MI,MARQUETTE,26,103,26103,470956,63,13.37704584,5
MI,MASON,26,105,26105,200831,46,22.90483043,5
MI,MECOSTA,26,107,26107,301408,46,15.26170506,5
MI,MENOMINEE,26,109,26109,167683,24,14.31272103,5
MI,MIDLAND,26,111,26111,585307,73,12.4720873,4
MI,MONROE,26,115,26115,1059465,133,12.55350578,4
MI,MONTCALM,26,117,26117,442441,60,13.56113018,2
MI,MUSKEGON,26,121,26121,1203511,148,12.29735333,4
MI,NEWAYGO,26,123,26123,338502,53,15.65721916,6
MI,OAKLAND,26,125,26125,8504026,1031,12.12366942,2
MI,OCEANA,26,127,26127,185570,25,13.47200517,6
MI,OGEMAW,26,129,26129,150661,30,19.91225334,6
MI,OTSEGO,26,137,26137,169210,25,14.77454051,6
MI,OTTAWA,26,139,26139,1873507,164,8.753636896,2
MI,PRESQUE ISLE,26,141,26141,92923,23,24.75167612,6
MI,ROSCOMMON,26,143,26143,170063,37,21.75664313,6
MI,SAGINAW,26,145,26145,1391725,151,10.84984462,4
MI,ST CLAIR,26,147,26147,1135375,176,15.50148629,2
MI,ST JOSEPH,26,149,26149,428527,63,14.70152406,5
MI,SANILAC,26,151,26151,299061,47,15.7158573,6
MI,SHIAWASSEE,26,155,26155,490011,89,18.16285757,5
MI,TUSCOLA,26,157,26157,386434,48,12.42126728,6
MI,VAN BUREN,26,159,26159,531042,75,14.1231767,3
MI,WASHTENAW,26,161,26161,2441649,223,9.133171885,3
MI,WAYNE,26,163,26163,12658069,1419,11.21024068,1
MI,WEXFORD,26,165,26165,228894,38,16.60157103,5
MN,ANOKA,27,3,27003,2338047,308,13.17338787,2
MN,BECKER,27,5,27005,229473,32,13.94499571,6
MN,BELTRAMI,27,7,27007,314078,51,16.23800457,5
MN,BENTON,27,9,27009,271515,39,14.3638473,4
MN,BLUE EARTH,27,13,27013,449971,47,10.44511757,4
MN,BROWN,27,15,27015,179463,23,12.81601221,5
MN,CARLTON,27,17,27017,247381,47,18.99903388,3
MN,CARVER,27,19,27019,649779,66,10.15729964,2
MN,CASS,27,21,27021,199638,25,12.52266603,5
MN,CHISAGO,27,25,27025,375482,50,13.31621756,2
MN,CLAY,27,27,27027,416508,44,10.56402278,4
MN,CROW WING,27,35,27035,438877,55,12.53198504,5
MN,DAKOTA,27,37,27037,2817817,328,11.64021652,2
MN,DODGE,27,39,27039,140968,28,19.86266387,4
MN,DOUGLAS,27,41,27041,254250,26,10.22615536,5
MN,FREEBORN,27,47,27047,217799,26,11.9376122,5
MN,GOODHUE,27,49,27049,323633,49,15.1406068,5
MN,HENNEPIN,27,53,27053,8200590,869,10.59679852,1
MN,HUBBARD,27,57,27057,143339,28,19.53411144,6
MN,ISANTI,27,59,27059,266550,30,11.25492403,2
MN,ITASCA,27,61,27061,316460,55,17.37976364,6
MN,KANDIYOHI,27,67,27067,295472,30,10.15324633,5
MN,LE SUEUR,27,79,27079,194146,24,12.36183079,2
MN,MC LEOD,27,85,27085,254484,34,13.36036843,5
MN,MARTIN,27,91,27091,144295,23,15.93956825,6
MN,MEEKER,27,93,27093,162482,21,12.92450856,6
MN,MILLE LACS,27,95,27095,181766,27,14.85426317,2
MN,MORRISON,27,97,27097,231660,36,15.54001554,6
MN,MOWER,27,99,27099,274221,32,11.66941992,5
MN,NICOLLET,27,103,27103,229409,25,10.89756723,4
MN,OLMSTED,27,109,27109,1021952,104,10.17660321,4
MN,OTTER TAIL,27,111,27111,402152,59,14.67106965,5
MN,PINE,27,115,27115,206037,34,16.50189044,6
MN,POLK,27,119,27119,220687,33,14.95330491,4
MN,RAMSEY,27,123,27123,3615071,397,10.98180368,1
MN,RENVILLE,27,129,27129,108427,23,21.21242864,6
MN,RICE,27,131,27131,450908,47,10.42341231,5
MN,ST LOUIS,27,137,27137,1402786,220,15.68307639,3
MN,SCOTT,27,139,27139,930238,86,9.244945917,2
MN,SHERBURNE,27,141,27141,623936,98,15.70673915,2
MN,STEARNS,27,145,27145,1056550,137,12.96673134,4
MN,STEELE,27,147,27147,255672,32,12.51603617,5
MN,TODD,27,153,27153,172654,24,13.90063364,6
MN,WASHINGTON,27,163,27163,1688743,175,10.36273725,2
MN,WINONA,27,169,27169,359372,36,10.01747493,5
MN,WRIGHT,27,171,27171,881403,107,12.13973631,2
MS,ADAMS,28,1,28001,225579,33,14.62902132,5
MS,ALCORN,28,3,28003,260002,54,20.76907101,5
MS,BOLIVAR,28,11,28011,239313,26,10.86443277,5
MS,CLAY,28,25,28025,143831,21,14.60046861,6
MS,COPIAH,28,29,28029,204241,29,14.19891207,3
MS,COVINGTON,28,31,28031,136566,22,16.10942694,6
MS,DE SOTO,28,33,28033,1146709,165,14.38900366,2
MS,FORREST,28,35,28035,529755,74,13.96872139,4
MS,GRENADA,28,43,28043,152563,22,14.42027228,5
MS,HANCOCK,28,45,28045,311753,72,23.09520678,3
MS,HARRISON,28,47,28047,1335062,237,17.75198455,3
MS,HINDS,28,49,28049,1720506,142,8.253385923,3
MS,ITAWAMBA,28,57,28057,163821,27,16.48140348,5
MS,JACKSON,28,59,28059,978088,162,16.56292685,3
MS,JONES,28,67,28067,476004,70,14.70575878,5
MS,LAFAYETTE,28,71,28071,343587,36,10.47769561,5
MS,LAMAR,28,73,28073,396721,46,11.59505043,4
MS,LAUDERDALE,28,75,28075,561134,65,11.58368589,5
MS,LEAKE,28,79,28079,164296,22,13.39046599,6
MS,LEE,28,81,28081,586856,54,9.201575855,5
MS,LINCOLN,28,85,28085,243699,31,12.72061026,5
MS,LOWNDES,28,87,28087,417460,42,10.06084415,5
MS,MADISON,28,89,28089,679066,85,12.51719273,3
MS,MARION,28,91,28091,186081,26,13.97240986,6
MS,MARSHALL,28,93,28093,257832,37,14.35042974,2
MS,MONROE,28,95,28095,256727,29,11.29604599,6
MS,NESHOBA,28,99,28099,207242,31,14.95835786,6
MS,NEWTON,28,101,28101,152036,25,16.44347391,6
MS,OKTIBBEHA,28,105,28105,337048,34,10.08758396,5
MS,PANOLA,28,107,28107,242262,47,19.40048377,6
MS,PEARL RIVER,28,109,28109,389197,65,16.70105371,5
MS,PIKE,28,113,28113,281630,39,13.84795654,5
MS,PONTOTOC,28,115,28115,211051,34,16.10985023,5
MS,PRENTISS,28,117,28117,177781,24,13.49975532,6
MS,RANKIN,28,121,28121,1006271,137,13.6146227,3
MS,SCOTT,28,123,28123,197710,23,11.63320014,6
MS,SIMPSON,28,127,28127,192317,27,14.0393205,3
MS,SUNFLOWER,28,133,28133,202184,21,10.38657856,5
MS,TATE,28,137,28137,199410,30,15.04438092,2
MS,TIPPAH,28,139,28139,154542,36,23.29463835,6
MS,TISHOMINGO,28,141,28141,136734,29,21.20906285,6
MS,UNION,28,145,28145,191664,32,16.69588446,6
MS,WARREN,28,149,28149,338420,53,15.66101294,5
MS,WASHINGTON,28,151,28151,354035,29,8.191280523,5
MO,ADAIR,29,1,29001,179176,28,15.62709291,5
MO,AUDRAIN,29,7,29007,179656,27,15.02872156,5
MO,BARRY,29,9,29009,249800,41,16.4131305,6
MO,BATES,29,13,29013,118139,21,17.77567103,2
MO,BENTON,29,15,29015,132785,33,24.85220469,6
MO,BOONE,29,19,29019,1159456,128,11.03965998,4
MO,BUCHANAN,29,21,29021,625337,94,15.0318948,4
MO,BUTLER,29,23,29023,299803,61,20.34669433,5
MO,CALLAWAY,29,27,29027,310303,46,14.8242202,4
MO,CAMDEN,29,29,29029,306556,55,17.94125706,6
MO,CAPE GIRARDEAU,29,31,29031,534025,80,14.98057207,4
MO,CASS,29,37,29037,698407,110,15.75012851,2
MO,CEDAR,29,39,29039,97638,25,25.60478502,6
MO,CHRISTIAN,29,43,29043,549830,74,13.45870542,3
MO,CLAY,29,47,29047,1573975,237,15.05741832,2
MO,CLINTON,29,49,29049,144267,27,18.71529872,2
MO,COLE,29,51,29051,532172,80,15.03273378,4
MO,COOPER,29,53,29053,123004,21,17.07261552,6
MO,CRAWFORD,29,55,29055,172988,27,15.60801905,6
MO,DALLAS,29,59,29059,116978,25,21.37153995,3
MO,DENT,29,65,29065,109384,23,21.02684122,6
MO,DUNKLIN,29,69,29069,223027,51,22.86718648,5
MO,FRANKLIN,29,71,29071,710938,143,20.11427157,2
MO,GREENE,29,77,29077,1947995,285,14.6304277,3
MO,HENRY,29,83,29083,155267,33,21.25371135,6
MO,HOWELL,29,91,29091,281962,73,25.89001355,5
MO,JACKSON,29,95,29095,4726262,755,15.97456933,1
MO,JASPER,29,97,29097,816203,144,17.64266978,4
MO,JEFFERSON,29,99,29099,1536613,273,17.76634715,2
MO,JOHNSON,29,101,29101,373529,52,13.92127519,5
MO,LACLEDE,29,105,29105,248512,45,18.10777749,5
MO,LAFAYETTE,29,107,29107,231997,34,14.65536192,2
MO,LAWRENCE,29,109,29109,268749,37,13.76749309,6
MO,LINCOLN,29,113,29113,371238,64,17.23961448,2
MO,MC DONALD,29,119,29119,160292,28,17.46812068,3
MO,MACON,29,121,29121,108616,34,31.30293879,6
MO,MARION,29,127,29127,201477,28,13.89736794,5
MO,MORGAN,29,141,29141,142885,21,14.69713406,6
MO,NEWTON,29,145,29145,408928,62,15.16159324,4
MO,PEMISCOT,29,155,29155,127025,21,16.5321787,6
MO,PETTIS,29,159,29159,294494,35,11.88479222,5
MO,PHELPS,29,161,29161,314037,47,14.96638931,5
MO,PLATTE,29,165,29165,635563,84,13.21662841,2
MO,POLK,29,167,29167,217450,32,14.71602667,3
MO,PULASKI,29,169,29169,365049,49,13.42285556,5
MO,RANDOLPH,29,175,29175,176965,30,16.95250473,5
MO,RAY,29,177,29177,163154,39,23.90379641,2
MO,ST CHARLES,29,183,29183,2555801,310,12.12926985,2
MO,ST FRANCOIS,29,187,29187,458049,67,14.62725604,5
MO,ST LOUIS,29,189,29189,6999137,921,13.15876514,2
MO,SCOTT,29,201,29201,274096,45,16.41760551,5
MO,STODDARD,29,207,29207,209158,34,16.25565362,6
MO,STONE,29,209,29209,222456,41,18.430611,5
MO,TANEY,29,213,29213,365670,50,13.67353078,5
MO,TEXAS,29,215,29215,180354,32,17.74288344,6
MO,VERNON,29,217,29217,146892,26,17.70007897,6
MO,WARREN,29,219,29219,228470,34,14.88160371,2
MO,WASHINGTON,29,221,29221,175818,26,14.78801943,6
MO,WAYNE,29,223,29223,94040,23,24.45767758,6
MO,WEBSTER,29,225,29225,254163,46,18.09862175,3
MO,WRIGHT,29,229,29229,130318,28,21.48590371,6
MO,ST LOUIS CITY,29,510,29510,2230468,276,12.37408472,1
MT,CASCADE,30,13,30013,570796,125,21.89924246,4
MT,CUSTER,30,17,30017,82505,23,27.87709836,6
MT,DEER LODGE,30,23,30023,64829,25,38.56298879,6
MT,FLATHEAD,30,29,30029,643061,136,21.14884902,5
MT,GALLATIN,30,31,30031,643571,107,16.62598221,5
MT,HILL,30,41,30041,113996,22,19.29892277,6
MT,LAKE,30,47,30047,202079,57,28.20679041,6
MT,LEWIS AND CLARK,30,49,30049,448084,85,18.96965747,5
MT,LINCOLN,30,53,30053,136481,41,30.04081154,6
MT,MISSOULA,30,63,30063,771391,181,23.46410575,4
MT,PARK,30,67,30067,109892,37,33.66942089,6
MT,RAVALLI,30,81,30081,283267,84,29.65400135,6
MT,ROOSEVELT,30,85,30085,74754,35,46.82023704,6
MT,ROSEBUD,30,87,30087,64910,24,36.97427207,6
MT,SANDERS,30,89,30089,79786,23,28.82711253,6
MT,SILVER BOW,30,93,30093,240093,77,32.07090586,5
MT,STILLWATER,30,95,30095,64096,22,34.32351473,6
MT,YELLOWSTONE,30,111,30111,1050119,217,20.66432471,4
NE,ADAMS,31,1,31001,219450,27,12.30348599,5
NE,BUFFALO,31,19,31019,328180,36,10.96958986,5
NE,CASS,31,25,31025,177005,28,15.81876218,3
NE,DAWSON,31,47,31047,169370,26,15.35100667,5
NE,DODGE,31,53,31053,256853,36,14.01579892,5
NE,DOUGLAS,31,55,31055,3670252,359,9.781344714,3
NE,GAGE,31,67,31067,154409,28,18.13365801,5
NE,HALL,31,79,31079,415675,43,10.3446202,4
NE,LANCASTER,31,109,31109,2030603,215,10.5879879,3
NE,LINCOLN,31,111,31111,252874,43,17.00451608,5
NE,MADISON,31,119,31119,244367,26,10.6397345,5
NE,SARPY,31,153,31153,1137777,91,7.998052342,3
NE,SAUNDERS,31,155,31155,145220,27,18.59248037,3
NE,SCOTTS BLUFF,31,157,31157,257344,39,15.15481224,5
NV,CHURCHILL,32,1,32001,171931,39,22.68351839,5
NV,CLARK,32,3,32003,13867827,2477,17.86148616,1
NV,DOUGLAS,32,5,32005,329868,79,23.94897353,5
NV,ELKO,32,7,32007,350777,82,23.37667521,5
NV,HUMBOLDT,32,13,32013,117186,33,28.16036045,5
NV,LYON,32,19,32019,361786,113,31.23393387,5
NV,NYE,32,23,32023,303584,111,36.56319174,5
NV,WASHOE,32,31,32031,2981812,620,20.79272603,3
NV,WHITE PINE,32,33,32033,69833,24,34.36770581,6
NV,CARSON CITY,32,510,32510,384135,100,26.03251461,4
NH,BELKNAP,33,1,33001,421651,71,16.83857029,5
NH,CARROLL,33,3,33003,333901,66,19.76633793,6
NH,CHESHIRE,33,5,33005,537955,93,17.28769135,5
NH,COOS,33,7,33007,227819,44,19.31357788,5
NH,GRAFTON,33,9,33009,624484,80,12.81057641,5
NH,HILLSBOROUGH,33,11,33011,2813323,421,14.96450994,3
NH,MERRIMACK,33,13,33013,1028327,146,14.1978184,5
NH,ROCKINGHAM,33,15,33015,2078508,276,13.27875572,2
NH,STRAFFORD,33,17,33017,867371,119,13.7196194,2
NH,SULLIVAN,33,19,33019,303974,57,18.75160376,5
NJ,ATLANTIC,34,1,34001,1923477,223,11.59358807,3
NJ,BERGEN,34,3,34003,6396296,469,7.332368608,2
NJ,BURLINGTON,34,5,34005,3144557,275,8.745270001,2
NJ,CAMDEN,34,7,34007,3590706,358,9.970184136,2
NJ,CAPE MAY,34,9,34009,676206,96,14.19685717,4
NJ,CUMBERLAND,34,11,34011,1099110,97,8.825322306,4
NJ,ESSEX,34,13,34013,5507548,305,5.537854595,1
NJ,GLOUCESTER,34,15,34015,2021647,198,9.793994698,2
NJ,HUDSON,34,17,34017,4520468,253,5.596765645,1
NJ,HUNTERDON,34,19,34019,891548,93,10.43129478,2
NJ,MERCER,34,21,34021,2575607,180,6.988643842,3
NJ,MIDDLESEX,34,23,34023,5723212,382,6.674573649,2
NJ,MONMOUTH,34,25,34025,4404256,357,8.105795848,2
NJ,MORRIS,34,27,34027,3465609,250,7.213739346,2
NJ,OCEAN,34,29,34029,4048587,406,10.02819008,2
NJ,PASSAIC,34,31,34031,3519584,231,6.56327566,2
NJ,SALEM,34,33,34033,459753,63,13.70301009,2
NJ,SOMERSET,34,35,34035,2283215,146,6.394491977,2
NJ,SUSSEX,34,37,34037,1034565,126,12.17903177,2
NJ,UNION,34,39,34039,3784833,217,5.733410166,1
NJ,WARREN,34,41,34041,756093,81,10.71296785,3
NM,BERNALILLO,35,1,35001,4657755,928,19.92376155,3
NM,CHAVES,35,5,35005,458606,92,20.06079292,5
NM,CIBOLA,35,6,35006,191228,40,20.91743887,5
NM,COLFAX,35,7,35007,93827,23,24.51319983,6
NM,CURRY,35,9,35009,342347,36,10.51564641,5
NM,DONA ANA,35,13,35013,1469960,241,16.39500395,4
NM,EDDY,35,15,35015,380245,79,20.77607858,5
NM,GRANT,35,17,35017,206430,74,35.84750279,5
NM,LEA,35,25,35025,461682,66,14.29555408,5
NM,LINCOLN,35,27,35027,141815,33,23.26975285,6
NM,LUNA,35,29,35029,175206,35,19.97648482,5
NM,MC KINLEY,35,31,35031,506151,133,26.2767435,5
NM,OTERO,35,35,35035,451438,118,26.13869457,5
NM,RIO ARRIBA,35,39,35039,280735,67,23.86592338,5
NM,SANDOVAL,35,43,35043,929503,177,19.04243451,3
NM,SAN JUAN,35,45,35045,892943,193,21.61392161,4
NM,SAN MIGUEL,35,47,35047,203083,41,20.18878981,5
NM,SANTA FE,35,49,35049,1016381,223,21.94059118,4
NM,SIERRA,35,51,35051,82671,28,33.86919234,6
NM,SOCORRO,35,53,35053,123967,32,25.81332129,6
NM,TAOS,35,55,35055,230068,56,24.34062973,5
NM,TORRANCE,35,57,35057,112861,28,24.80927867,3
NM,VALENCIA,35,61,35061,532828,102,19.14313812,3
NY,ALBANY,36,1,36001,2139291,195,9.115169465,3
NY,ALLEGANY,36,3,36003,340039,46,13.52786004,6
NY,BRONX,36,5,36005,9804373,528,5.385352026,1
NY,BROOME,36,7,36007,1396121,163,11.6752058,4
NY,CATTARAUGUS,36,9,36009,558327,74,13.25388169,5
NY,CAYUGA,36,11,36011,558258,66,11.82249068,5
NY,CHAUTAUQUA,36,13,36013,938273,111,11.83024557,5
NY,CHEMUNG,36,15,36015,620641,69,11.11753816,4
NY,CHENANGO,36,17,36017,351449,35,9.958770689,6
NY,CLINTON,36,19,36019,573889,71,12.37173042,5
NY,COLUMBIA,36,21,36021,438981,63,14.3514184,5
NY,CORTLAND,36,23,36023,345127,38,11.01043964,5
NY,DELAWARE,36,25,36025,332782,51,15.32534813,6
NY,DUTCHESS,36,27,36027,2079896,221,10.62553128,2
NY,ERIE,36,29,36029,6443577,665,10.32035467,1
NY,ESSEX,36,31,36031,274353,38,13.8507689,6
NY,FRANKLIN,36,33,36033,361169,45,12.4595411,5
NY,FULTON,36,35,36035,385574,42,10.89285066,5
NY,GENESEE,36,37,36037,418383,54,12.90683417,5
NY,GREENE,36,39,36039,342034,37,10.81763801,6
NY,HERKIMER,36,43,36043,450505,55,12.20852155,3
NY,JEFFERSON,36,45,36045,824113,111,13.4690267,4
NY,KINGS,36,47,36047,17796745,900,5.057104544,1
NY,LEWIS,36,49,36049,189765,31,16.33599452,6
NY,LIVINGSTON,36,51,36051,455525,47,10.31776522,2
NY,MADISON,36,53,36053,509942,63,12.35434618,3
NY,MONROE,36,55,36055,5224483,453,8.670714404,1
NY,MONTGOMERY,36,57,36057,349636,43,12.29850473,5
NY,NASSAU,36,59,36059,9408255,628,6.674989145,2
NY,NEW YORK,36,61,36061,11259824,867,7.699942734,1
NY,NIAGARA,36,63,36063,1506664,206,13.67259057,2
NY,ONEIDA,36,65,36065,1638839,173,10.55625354,3
NY,ONONDAGA,36,67,36067,3267938,334,10.22051214,3
NY,ONTARIO,36,69,36069,758091,92,12.13574624,2
NY,ORANGE,36,71,36071,2614282,219,8.377061082,2
NY,ORLEANS,36,73,36073,298727,32,10.71212177,2
NY,OSWEGO,36,75,36075,852671,120,14.0734234,3
NY,OTSEGO,36,77,36077,433767,52,11.98800278,5
NY,PUTNAM,36,79,36079,697624,60,8.600621538,2
NY,QUEENS,36,81,36081,15809153,985,6.230567824,1
NY,RENSSELAER,36,83,36083,1116243,114,10.21283,3
NY,RICHMOND,36,85,36085,3287406,209,6.357596232,1
NY,ROCKLAND,36,87,36087,2204209,140,6.351484818,2
NY,ST LAWRENCE,36,89,36089,784052,86,10.96866024,5
NY,SARATOGA,36,91,36091,1548082,177,11.43350288,3
NY,SCHENECTADY,36,93,36093,1083109,114,10.52525646,3
NY,SCHOHARIE,36,95,36095,226516,29,12.80262763,3
NY,SENECA,36,99,36099,246822,31,12.55965838,5
NY,STEUBEN,36,101,36101,692310,92,13.28884459,5
NY,SUFFOLK,36,103,36103,10467897,925,8.836540902,2
NY,SULLIVAN,36,105,36105,539965,86,15.92695823,6
NY,TIOGA,36,107,36107,355139,36,10.13687598,4
NY,TOMPKINS,36,109,36109,717613,78,10.86936831,4
NY,ULSTER,36,111,36111,1273919,148,11.61769312,4
NY,WARREN,36,113,36113,458516,58,12.64950405,4
NY,WASHINGTON,36,115,36115,440779,72,16.33471649,4
NY,WAYNE,36,117,36117,651857,73,11.19877519,2
NY,WESTCHESTER,36,119,36119,6691813,477,7.128113114,2
NY,WYOMING,36,121,36121,292972,52,17.74913644,6
NY,YATES,36,123,36123,177046,23,12.9909741,2
NC,ALAMANCE,37,1,37001,1065804,122,11.44675757,4
NC,ALEXANDER,37,3,37003,259693,52,20.0236433,3
NC,ANSON,37,7,37007,185357,24,12.94798686,6
NC,ASHE,37,9,37009,189883,40,21.06560356,6
NC,AVERY,37,11,37011,124705,26,20.84920412,6
NC,BEAUFORT,37,13,37013,332710,51,15.3286646,5
NC,BLADEN,37,17,37017,244105,26,10.65115422,6
NC,BRUNSWICK,37,19,37019,772916,120,15.52561986,3
NC,BUNCOMBE,37,21,37021,1692603,308,18.19682465,3
NC,BURKE,37,23,37023,632999,114,18.00950712,3
NC,CABARRUS,37,25,37025,1271506,174,13.68455988,2
NC,CALDWELL,37,27,37027,576050,101,17.53320024,3
NC,CARTERET,37,31,37031,469344,89,18.96263721,5
NC,CASWELL,37,33,37033,164445,24,14.59454529,6
NC,CATAWBA,37,35,37035,1080769,182,16.83986125,3
NC,CHATHAM,37,37,37037,454447,64,14.08305039,3
NC,CHEROKEE,37,39,37039,190722,42,22.02158115,6
NC,CLEVELAND,37,45,37045,683726,117,17.11211801,5
NC,COLUMBUS,37,47,37047,402359,47,11.68111065,6
NC,CRAVEN,37,49,37049,723800,93,12.84885327,4
NC,CUMBERLAND,37,51,37051,2248241,311,13.83303658,3
NC,CURRITUCK,37,53,37053,167669,30,17.89239514,2
NC,DARE,37,55,37055,239824,43,17.9298152,5
NC,DAVIDSON,37,57,37057,1141632,150,13.1390851,3
NC,DAVIE,37,59,37059,288755,49,16.96940313,3
NC,DUPLIN,37,61,37061,411316,51,12.3992259,6
NC,DURHAM,37,63,37063,1933609,171,8.843566616,3
NC,EDGECOMBE,37,65,37065,391497,36,9.195472762,4
NC,FORSYTH,37,67,37067,2482783,300,12.08321468,3
NC,FRANKLIN,37,69,37069,427299,70,16.38197141,2
NC,GASTON,37,71,37071,1452229,229,15.7688629,2
NC,GRANVILLE,37,77,37077,409810,61,14.88494668,5
NC,GUILFORD,37,81,37081,3465413,345,9.955523339,3
NC,HALIFAX,37,83,37083,379790,40,10.53213618,5
NC,HARNETT,37,85,37085,828520,102,12.31110897,5
NC,HAYWOOD,37,87,37087,413108,69,16.70265403,3
NC,HENDERSON,37,89,37089,753141,142,18.85437123,3
NC,HOKE,37,93,37093,338965,28,8.260439868,3
NC,IREDELL,37,97,37097,1129202,135,11.95534546,2
NC,JACKSON,37,99,37099,281759,44,15.61618262,5
NC,JOHNSTON,37,101,37101,1204201,149,12.37334963,2
NC,LEE,37,105,37105,408631,39,9.544062981,5
NC,LENOIR,37,107,37107,414339,48,11.58471686,5
NC,LINCOLN,37,109,37109,548775,73,13.30235525,2
NC,MC DOWELL,37,111,37111,314472,54,17.17164008,5
NC,MACON,37,113,37113,236621,47,19.86298765,6
NC,MADISON,37,115,37115,146032,24,16.43475403,3
NC,MARTIN,37,117,37117,168598,28,16.60755169,6
NC,MECKLENBURG,37,119,37119,6635412,626,9.434229555,1
NC,MONTGOMERY,37,123,37123,193622,24,12.39528566,6
NC,MOORE,37,125,37125,625935,102,16.29562175,5
NC,NASH,37,127,37127,666045,75,11.26050042,4
NC,NEW HANOVER,37,129,37129,1445148,212,14.66977777,3
NC,ONSLOW,37,133,37133,1254936,189,15.06052898,4
NC,ORANGE,37,135,37135,948260,104,10.96745618,3
NC,PAMLICO,37,137,37137,91579,21,22.9310213,4
NC,PASQUOTANK,37,139,37139,282210,27,9.567343468,5
NC,PENDER,37,141,37141,373094,63,16.88582502,3
NC,PERSON,37,145,37145,274899,48,17.46095839,3
NC,PITT,37,147,37147,1189208,113,9.502122421,4
NC,POLK,37,149,37149,142748,27,18.91445064,6
NC,RANDOLPH,37,151,37151,992649,164,16.52144917,3
NC,RICHMOND,37,153,37153,324673,47,14.47610365,5
NC,ROBESON,37,155,37155,939026,111,11.82075896,5
NC,ROCKINGHAM,37,157,37157,649896,89,13.69449881,3
NC,ROWAN,37,159,37159,967612,154,15.91547025,2
NC,RUTHERFORD,37,161,37161,470641,82,17.42304644,5
NC,SAMPSON,37,163,37163,445088,56,12.58178158,6
NC,STANLY,37,167,37167,423702,76,17.93713506,5
NC,STOKES,37,169,37169,329139,64,19.44467231,3
NC,SURRY,37,171,37171,513824,88,17.12648689,5
NC,TRANSYLVANIA,37,175,37175,230128,44,19.1197942,5
NC,UNION,37,179,37179,1438269,155,10.77684355,2
NC,VANCE,37,181,37181,315298,46,14.58937259,5
NC,WAKE,37,183,37183,6496765,579,8.912127805,1
NC,WATAUGA,37,189,37189,360575,54,14.97607987,5
NC,WAYNE,37,191,37191,861328,98,11.37777943,4
NC,WILKES,37,193,37193,484156,80,16.52359983,5
NC,WILSON,37,195,37195,567904,52,9.156477151,5
NC,YADKIN,37,197,37197,267033,43,16.10287867,3
ND,BURLEIGH,38,15,38015,588975,94,15.95993039,4
ND,CASS,38,17,38017,1081869,131,12.1086749,4
ND,GRAND FORKS,38,35,38035,474072,61,12.86724379,4
ND,MORTON,38,59,38059,195786,32,16.344376,4
ND,STARK,38,89,38089,182198,35,19.20987058,5
ND,WARD,38,101,38101,447738,76,16.9742126,5
ND,WILLIAMS,38,105,38105,177904,43,24.17033906,5
OH,ADAMS,39,1,39001,198880,41,20.6154465,6
OH,ALLEN,39,3,39003,741066,76,10.25549681,4
OH,ASHLAND,39,5,39005,372623,40,10.73471042,5
OH,ASHTABULA,39,7,39007,705226,118,16.73222485,5
OH,ATHENS,39,9,39009,452904,47,10.37747514,5
OH,AUGLAIZE,39,11,39011,321510,37,11.5081957,5
OH,BELMONT,39,13,39013,489870,85,17.35154225,4
OH,BROWN,39,15,39015,311687,54,17.32507291,2
OH,BUTLER,39,17,39017,2585654,334,12.91742824,2
OH,CARROLL,39,19,39019,200641,24,11.96166287,3
OH,CHAMPAIGN,39,21,39021,278692,43,15.42921935,5
OH,CLARK,39,23,39023,964804,138,14.30342329,4
OH,CLERMONT,39,25,39025,1389380,228,16.41019735,2
OH,CLINTON,39,27,39027,294575,36,12.22099635,5
OH,COLUMBIANA,39,29,39029,749527,133,17.74452421,5
OH,COSHOCTON,39,31,39031,257657,39,15.13640227,5
OH,CRAWFORD,39,33,39033,303400,34,11.20632828,5
OH,CUYAHOGA,39,35,39035,8916076,971,10.89044104,1
OH,DARKE,39,37,39037,368422,51,13.84282155,5
OH,DEFIANCE,39,39,39039,272214,26,9.551308897,5
OH,DELAWARE,39,41,39041,1245541,107,8.590644547,2
OH,ERIE,39,43,39043,536803,73,13.59902981,5
OH,FAIRFIELD,39,45,39045,1029574,106,10.29552028,2
OH,FAYETTE,39,47,39047,202211,22,10.87972464,5
OH,FRANKLIN,39,49,39049,8281859,945,11.41048163,1
OH,FULTON,39,51,39051,298268,39,13.07548916,3
OH,GALLIA,39,53,39053,215547,39,18.09350165,5
OH,GEAUGA,39,55,39055,656092,76,11.5837413,2
OH,GREENE,39,57,39057,1137715,127,11.16272529,3
OH,GUERNSEY,39,59,39059,279540,51,18.24425842,5
OH,HAMILTON,39,61,39061,5618426,669,11.90724947,1
OH,HANCOCK,39,63,39063,526303,57,10.83026318,5
OH,HENRY,39,69,39069,197328,23,11.65572042,6
OH,HIGHLAND,39,71,39071,303597,48,15.81043291,6
OH,HOCKING,39,73,39073,204273,43,21.05026117,2
OH,HURON,39,77,39077,415830,58,13.9480076,5
OH,JACKSON,39,79,39079,231025,47,20.3441186,5
OH,JEFFERSON,39,81,39081,482468,73,15.13053715,4
OH,KNOX,39,83,39083,426120,37,8.683000094,5
OH,LAKE,39,85,39085,1607915,239,14.8639698,2
OH,LAWRENCE,39,87,39087,435812,50,11.47283691,3
OH,LICKING,39,89,39089,1168537,164,14.03464332,2
OH,LOGAN,39,91,39091,320076,46,14.37158675,5
OH,LORAIN,39,93,39093,2112912,263,12.44727655,2
OH,LUCAS,39,95,39095,3077563,369,11.99000638,3
OH,MADISON,39,97,39097,303171,29,9.565558711,2
OH,MAHONING,39,99,39099,1661086,196,11.79950948,3
OH,MARION,39,101,39101,464245,43,9.262350698,5
OH,MEDINA,39,103,39103,1212313,111,9.156051284,2
OH,MEIGS,39,105,39105,165170,32,19.37397833,6
OH,MERCER,39,107,39107,285868,33,11.54378944,5
OH,MIAMI,39,109,39109,720729,81,11.2386209,3
OH,MONTGOMERY,39,113,39113,3745941,561,14.97621025,3
OH,MORROW,39,117,39117,244733,23,9.397997001,2
OH,MUSKINGUM,39,119,39119,601278,97,16.13230486,5
OH,OTTAWA,39,123,39123,289591,36,12.43132556,5
OH,PERRY,39,127,39127,252168,39,15.46587989,2
OH,PICKAWAY,39,129,39129,392068,52,13.2630054,2
OH,PORTAGE,39,133,39133,1129240,119,10.538061,3
OH,PREBLE,39,135,39135,294627,46,15.61296147,6
OH,PUTNAM,39,137,39137,240569,25,10.3920289,6
OH,RICHLAND,39,139,39139,865803,107,12.35846954,4
OH,ROSS,39,141,39141,543236,82,15.09472863,5
OH,SANDUSKY,39,143,39143,424750,59,13.89052384,5
OH,SCIOTO,39,145,39145,550944,62,11.25341233,5
OH,SENECA,39,147,39147,394711,40,10.13399677,5
OH,SHELBY,39,149,39149,344892,38,11.01794185,5
OH,STARK,39,151,39151,2628987,374,14.22601177,3
OH,SUMMIT,39,153,39153,3792740,486,12.81395508,3
OH,TRUMBULL,39,155,39155,1461878,233,15.93840252,3
OH,TUSCARAWAS,39,157,39157,648335,75,11.56809366,5
OH,UNION,39,159,39159,368012,43,11.6844016,2
OH,VAN WERT,39,161,39161,201056,21,10.44485119,5
OH,WARREN,39,165,39165,1507194,153,10.1513143,2
OH,WASHINGTON,39,167,39167,431459,59,13.67453223,5
OH,WAYNE,39,169,39169,804107,88,10.94381718,5
OH,WILLIAMS,39,171,39171,263827,37,14.02434171,6
OH,WOOD,39,173,39173,890901,86,9.653148891,3
OK,BECKHAM,40,9,40009,159973,43,26.87953592,5
OK,BRYAN,40,13,40013,301056,47,15.61171344,5
OK,CADDO,40,15,40015,205755,43,20.89864159,6
OK,CANADIAN,40,17,40017,836506,128,15.3017432,2
OK,CARTER,40,19,40019,335552,58,17.28495136,5
OK,CHEROKEE,40,21,40021,331859,67,20.18929726,5
OK,CHOCTAW,40,23,40023,106088,22,20.73750094,6
OK,CLEVELAND,40,27,40027,1822173,251,13.77476233,2
OK,COMANCHE,40,31,40031,864839,126,14.56918571,4
OK,CRAIG,40,35,40035,103757,25,24.09475987,6
OK,CREEK,40,37,40037,491153,98,19.95304925,3
OK,CUSTER,40,39,40039,196612,28,14.24124672,5
OK,DELAWARE,40,41,40041,289341,56,19.35432586,6
OK,GARFIELD,40,47,40047,427001,79,18.50112763,5
OK,GARVIN,40,49,40049,192258,44,22.88591372,6
OK,GRADY,40,51,40051,369601,60,16.23372231,2
OK,JACKSON,40,65,40065,183643,22,11.97976509,5
OK,JOHNSTON,40,69,40069,76787,27,35.16220194,6
OK,KAY,40,71,40071,322263,53,16.44619457,5
OK,LE FLORE,40,79,40079,349945,68,19.43162497,3
OK,LINCOLN,40,81,40081,239512,37,15.44807776,2
OK,LOGAN,40,83,40083,299370,37,12.35928784,2
OK,MC CLAIN,40,87,40087,246005,36,14.63384891,2
OK,MC CURTAIN,40,89,40089,231902,54,23.28569827,6
OK,MC INTOSH,40,91,40091,141752,30,21.16372256,6
OK,MARSHALL,40,95,40095,110951,22,19.82857297,6
OK,MAYES,40,97,40097,287460,63,21.91609267,6
OK,MURRAY,40,99,40099,94773,21,22.15820962,6
OK,MUSKOGEE,40,101,40101,493205,81,16.42319117,5
OK,OKLAHOMA,40,109,40109,5126341,843,16.44447765,1
OK,OKMULGEE,40,111,40111,277193,54,19.48101143,3
OK,OSAGE,40,113,40113,334500,62,18.53512706,3
OK,OTTAWA,40,115,40115,224134,50,22.30808356,5
OK,PAYNE,40,119,40119,545379,72,13.20182845,5
OK,PITTSBURG,40,121,40121,317470,78,24.56925064,5
OK,PONTOTOC,40,123,40123,263243,27,10.25668299,5
OK,POTTAWATOMIE,40,125,40125,491048,87,17.71720891,5
OK,PUSHMATAHA,40,127,40127,79631,22,27.62743153,6
OK,ROGERS,40,131,40131,614068,94,15.30775093,3
OK,SEMINOLE,40,133,40133,177959,28,15.73396119,6
OK,SEQUOYAH,40,135,40135,292576,49,16.74778519,3
OK,STEPHENS,40,137,40137,313766,68,21.67220158,5
OK,TULSA,40,143,40143,4265207,788,18.47507049,3
OK,WAGONER,40,145,40145,516317,105,20.33634376,3
OK,WASHINGTON,40,147,40147,359109,59,16.42955203,5
OK,WOODWARD,40,153,40153,144165,23,15.95394166,5
OR,BAKER,41,1,41001,112711,33,29.27842003,6
OR,BENTON,41,3,41003,599758,76,12.67177762,4
OR,CLACKAMAS,41,5,41005,2667820,419,15.70570728,2
OR,CLATSOP,41,7,41007,259957,51,19.61862923,5
OR,COLUMBIA,41,9,41009,345238,68,19.69655716,2
OR,COOS,41,11,41011,439728,136,30.92821017,5
OR,CROOK,41,13,41013,147296,31,21.04605692,5
OR,CURRY,41,15,41015,156350,70,44.77134634,5
OR,DESCHUTES,41,17,41017,1129773,235,20.80063871,4
OR,DOUGLAS,41,19,41019,750492,177,23.58452855,5
OR,JACKSON,41,29,41029,1436164,320,22.28157787,4
OR,JEFFERSON,41,31,41031,152801,26,17.01559545,6
OR,JOSEPHINE,41,33,41033,579687,139,23.97845734,4
OR,KLAMATH,41,35,41035,463209,120,25.90623239,5
OR,LANE,41,39,41039,2472711,490,19.81630688,3
OR,LINCOLN,41,41,41041,322640,86,26.65509546,5
OR,LINN,41,43,41043,822117,133,16.17774599,4
OR,MALHEUR,41,45,41045,216258,36,16.64678301,5
OR,MARION,41,47,41047,2224784,302,13.57435149,3
OR,MULTNOMAH,41,51,41051,5225632,856,16.38079375,1
OR,POLK,41,53,41053,531426,68,12.79576084,3
OR,TILLAMOOK,41,57,41057,176997,31,17.51442115,6
OR,UMATILLA,41,59,41059,532758,94,17.6440335,5
OR,UNION,41,61,41061,179737,37,20.58563345,5
OR,WASCO,41,65,41065,176489,34,19.26465672,5
OR,WASHINGTON,41,67,41067,3776133,505,13.37346963,2
OR,YAMHILL,41,71,41071,698494,100,14.31651525,2
PA,ADAMS,42,1,42001,710073,109,15.35053438,4
PA,ALLEGHENY,42,3,42003,8588653,1010,11.75970202,1
PA,ARMSTRONG,42,5,42005,480565,76,15.81471809,2
PA,BEAVER,42,7,42007,1192427,181,15.17912627,2
PA,BEDFORD,42,9,42009,346625,51,14.71330689,6
PA,BERKS,42,11,42011,2882258,427,14.81477369,3
PA,BLAIR,42,13,42013,887870,108,12.16394292,4
PA,BRADFORD,42,15,42015,437318,87,19.89399019,5
PA,BUCKS,42,17,42017,4378893,602,13.74776684,2
PA,BUTLER,42,19,42019,1290994,165,12.78084948,2
PA,CAMBRIA,42,21,42021,993240,167,16.81366034,4
PA,CARBON,42,25,42025,454564,99,21.77911141,3
PA,CENTRE,42,27,42027,1085705,101,9.302711142,4
PA,CHESTER,42,29,42029,3518877,370,10.51471819,2
PA,CLARION,42,31,42031,277767,42,15.12058668,6
PA,CLEARFIELD,42,33,42033,571513,91,15.92264743,5
PA,CLINTON,42,35,42035,276091,24,8.692786074,5
PA,COLUMBIA,42,37,42037,469275,59,12.57258537,4
PA,CRAWFORD,42,39,42039,617163,95,15.39301611,5
PA,CUMBERLAND,42,41,42041,1661821,234,14.08093892,3
PA,DAUPHIN,42,43,42043,1882036,228,12.11453979,3
PA,DELAWARE,42,45,42045,3918167,542,13.83299895,2
PA,ELK,42,47,42047,222727,49,22.00002694,6
PA,ERIE,42,49,42049,1959032,276,14.08859069,3
PA,FAYETTE,42,51,42051,953279,144,15.10575603,2
PA,FRANKLIN,42,55,42055,1052988,138,13.10556246,4
PA,FULTON,42,57,42057,103441,21,20.30142787,6
PA,GREENE,42,59,42059,268863,40,14.87746547,6
PA,HUNTINGDON,42,61,42061,321416,54,16.80065709,5
PA,INDIANA,42,63,42063,619220,89,14.37292077,5
PA,JEFFERSON,42,65,42065,314978,54,17.14405451,6
PA,LACKAWANNA,42,69,42069,1498264,224,14.9506362,3
PA,LANCASTER,42,71,42071,3661857,364,9.940311705,3
PA,LAWRENCE,42,73,42073,632557,94,14.86032089,5
PA,LEBANON,42,75,42075,940293,126,13.40007849,4
PA,LEHIGH,42,77,42077,2463990,353,14.32635684,3
PA,LUZERNE,42,79,42079,2241663,352,15.70262792,3
PA,LYCOMING,42,81,42081,815544,109,13.36531199,4
PA,MC KEAN,42,83,42083,302773,41,13.54149809,5
PA,MERCER,42,85,42085,812769,116,14.27219788,3
PA,MIFFLIN,42,87,42087,326813,47,14.38131286,5
PA,MONROE,42,89,42089,1179577,178,15.0901552,4
PA,MONTGOMERY,42,91,42091,5630412,724,12.85873929,2
PA,MONTOUR,42,93,42093,128568,23,17.88936594,4
PA,NORTHAMPTON,42,95,42095,2087572,245,11.73612216,3
PA,NORTHUMBERLAND,42,97,42097,660570,100,15.13844104,5
PA,PERRY,42,99,42099,320310,41,12.8000999,3
PA,PHILADELPHIA,42,101,42101,10746489,1136,10.57089436,1
PA,PIKE,42,103,42103,399861,64,16.00556193,2
PA,SCHUYLKILL,42,107,42107,1032616,190,18.39986985,5
PA,SNYDER,42,109,42109,278604,26,9.332242179,5
PA,SOMERSET,42,111,42111,541250,76,14.04157044,5
PA,SUSQUEHANNA,42,115,42115,300253,52,17.31872787,6
PA,TIOGA,42,117,42117,295168,47,15.9231353,6
PA,UNION,42,119,42119,314600,28,8.900190718,5
PA,VENANGO,42,121,42121,381765,44,11.52541485,5
PA,WARREN,42,123,42123,289834,40,13.80100333,5
PA,WASHINGTON,42,125,42125,1455523,211,14.49650744,2
PA,WAYNE,42,127,42127,364018,82,22.52635859,6
PA,WESTMORELAND,42,129,42129,2544359,349,13.71661782,2
PA,WYOMING,42,131,42131,197749,26,13.14798052,3
PA,YORK,42,133,42133,3052108,449,14.7111439,3
RI,BRISTOL,44,1,44001,347463,42,12.08761796,2
RI,KENT,44,3,44003,1160450,135,11.63341807,2
RI,NEWPORT,44,5,44005,578991,61,10.53556964,2
RI,PROVIDENCE,44,7,44007,4400295,460,10.45384457,1
RI,WASHINGTON,44,9,44009,887201,110,12.39854328,2
SC,ABBEVILLE,45,1,45001,176885,26,14.69881561,5
SC,AIKEN,45,3,45003,1129861,185,16.37369553,3
SC,ANDERSON,45,7,45007,1319682,219,16.59490695,3
SC,BARNWELL,45,11,45011,156814,22,14.02935962,6
SC,BEAUFORT,45,13,45013,1157678,138,11.9204131,4
SC,BERKELEY,45,15,45015,1289277,175,13.57349895,3
SC,CHARLESTON,45,19,45019,2516062,347,13.79139306,3
SC,CHEROKEE,45,21,45021,388498,75,19.30511869,5
SC,CHESTER,45,23,45023,230228,33,14.33361711,2
SC,CHESTERFIELD,45,25,45025,324710,45,13.85851991,6
SC,CLARENDON,45,27,45027,242033,34,14.04767119,6
SC,COLLETON,45,29,45029,269093,43,15.97960556,6
SC,DARLINGTON,45,31,45031,478327,54,11.28934808,4
SC,DILLON,45,33,45033,221023,21,9.501273623,6
SC,DORCHESTER,45,35,45035,977015,122,12.48701402,3
SC,EDGEFIELD,45,37,45037,186707,22,11.78316828,3
SC,FLORENCE,45,41,45041,961250,111,11.54746424,4
SC,GEORGETOWN,45,43,45043,422921,52,12.29544052,5
SC,GREENVILLE,45,45,45045,3219364,513,15.93482439,3
SC,GREENWOOD,45,47,45047,486948,65,13.34844788,5
SC,HORRY,45,51,45051,1941379,312,16.07105053,3
SC,KERSHAW,45,55,45055,433266,67,15.46394132,3
SC,LANCASTER,45,57,45057,545410,76,13.93447132,2
SC,LAURENS,45,59,45059,466024,78,16.73733542,3
SC,LEXINGTON,45,63,45063,1862110,274,14.71449055,3
SC,MARION,45,67,45067,229160,23,10.03665561,6
SC,MARLBORO,45,69,45069,199765,27,13.51588116,5
SC,NEWBERRY,45,71,45071,262518,48,18.28446049,5
SC,OCONEE,45,73,45073,520105,90,17.30419819,5
SC,ORANGEBURG,45,75,45075,642142,72,11.21247325,5
SC,PICKENS,45,77,45077,835409,164,19.63110285,3
SC,RICHLAND,45,79,45079,2721274,317,11.6489556,3
SC,SPARTANBURG,45,83,45083,2006188,307,15.30265359,3
SC,SUMTER,45,85,45085,752254,71,9.438301425,4
SC,UNION,45,87,45087,199968,32,16.00256041,3
SC,YORK,45,91,45091,1616662,206,12.74230482,2
SD,BROWN,46,13,46013,259592,32,12.32703627,5
SD,CODINGTON,46,29,46029,192180,31,16.13071079,5
SD,CORSON,46,31,46031,28625,22,76.8558952,6
SD,DAVISON,46,35,46035,137336,23,16.74724763,5
SD,HUGHES,46,65,46065,120411,21,17.44026709,5
SD,LAWRENCE,46,81,46081,169756,27,15.90518155,5
SD,LINCOLN,46,83,46083,326420,28,8.577905766,4
SD,MEADE,46,93,46093,180714,44,24.34786458,4
SD,MINNEHAHA,46,99,46099,1214350,188,15.48153333,4
SD,PENNINGTON,46,103,46103,720513,132,18.32028013,4
SD,SHANNON,46,113,46113,96756,40,41.34110546,6
SD,TODD,46,121,46121,68351,38,55.59538266,6
SD,YANKTON,46,135,46135,157482,26,16.50982334,5
TN,ANDERSON,47,1,47001,526140,98,18.62622116,3
TN,BEDFORD,47,3,47003,317487,54,17.00857043,5
TN,BENTON,47,5,47005,114568,31,27.05816633,6
TN,BLOUNT,47,9,47009,866440,127,14.6576797,3
TN,BRADLEY,47,11,47011,700746,94,13.41427564,4
TN,CAMPBELL,47,13,47013,283279,47,16.59141694,3
TN,CARROLL,47,17,47017,199717,42,21.02975711,6
TN,CARTER,47,19,47019,402062,58,14.42563585,4
TN,CHEATHAM,47,21,47021,274727,61,22.20386056,2
TN,CLAIBORNE,47,25,47025,223250,61,27.32362822,6
TN,COCKE,47,29,47029,248749,54,21.70862998,5
TN,COFFEE,47,31,47031,371039,84,22.63912958,5
TN,CUMBERLAND,47,35,47035,396023,81,20.45335751,5
TN,DAVIDSON,47,37,47037,4472532,562,12.56558925,1
TN,DE KALB,47,41,47041,132249,36,27.22137786,6
TN,DICKSON,47,43,47043,348844,65,18.63297061,2
TN,DYER,47,45,47045,267195,34,12.72478901,5
TN,FAYETTE,47,47,47047,269567,35,12.98378511,2
TN,FENTRESS,47,49,47049,125479,34,27.09616749,6
TN,FRANKLIN,47,51,47051,287641,56,19.46871274,5
TN,GIBSON,47,53,47053,346902,67,19.31381197,6
TN,GILES,47,55,47055,204801,48,23.43738556,6
TN,GRAINGER,47,57,47057,158470,35,22.08619928,3
TN,GREENE,47,59,47059,480069,85,17.70578813,5
TN,GRUNDY,47,61,47061,95594,27,28.24445049,6
TN,HAMBLEN,47,63,47063,438684,89,20.28795215,4
TN,HAMILTON,47,65,47065,2384495,326,13.67165794,3
TN,HARDEMAN,47,69,47069,188337,22,11.68118851,6
TN,HARDIN,47,71,47071,181921,42,23.08694433,6
TN,HAWKINS,47,73,47073,397211,70,17.6228755,3
TN,HENDERSON,47,77,47077,195196,26,13.31994508,6
TN,HENRY,47,79,47079,225712,71,31.45601474,5
TN,HICKMAN,47,81,47081,171012,34,19.88164573,2
TN,HUMPHREYS,47,85,47085,128474,29,22.57266062,6
TN,JACKSON,47,87,47087,80898,23,28.43086356,5
TN,JEFFERSON,47,89,47089,362929,50,13.77679932,4
TN,JOHNSON,47,91,47091,126829,27,21.28850657,6
TN,KNOX,47,93,47093,3057630,491,16.05818886,3
TN,LAUDERDALE,47,97,47097,193852,30,15.47572375,6
TN,LAWRENCE,47,99,47099,293057,54,18.42644946,5
TN,LEWIS,47,101,47101,84122,27,32.09624117,6
TN,LINCOLN,47,103,47103,233550,29,12.41704132,6
TN,LOUDON,47,105,47105,343849,47,13.66879066,3
TN,MC MINN,47,107,47107,366701,66,17.9983147,5
TN,MC NAIRY,47,109,47109,182421,45,24.66821254,6
TN,MACON,47,111,47111,157025,35,22.28944436,2
TN,MADISON,47,113,47113,686609,79,11.50582063,4
TN,MARION,47,115,47115,197587,38,19.2320345,3
TN,MARSHALL,47,117,47117,215329,46,21.362659,5
TN,MAURY,47,119,47119,573761,96,16.73170536,2
TN,MONROE,47,123,47123,313702,58,18.48888436,6
TN,MONTGOMERY,47,125,47125,1240160,182,14.67552574,3
TN,MORGAN,47,129,47129,152886,30,19.6224638,3
TN,OBION,47,131,47131,220646,33,14.9560835,5
TN,OVERTON,47,133,47133,154282,27,17.50042131,5
TN,PUTNAM,47,141,47141,508287,69,13.57500782,5
TN,RHEA,47,143,47143,224315,36,16.04885986,5
TN,ROANE,47,145,47145,375859,74,19.68823415,3
TN,ROBERTSON,47,147,47147,465608,86,18.47047302,2
TN,RUTHERFORD,47,149,47149,1887780,231,12.23659537,2
TN,SCOTT,47,151,47151,154915,26,16.78339735,6
TN,SEVIER,47,155,47155,639639,109,17.04086211,5
TN,SHELBY,47,157,47157,6522736,661,10.13378435,1
TN,SMITH,47,159,47159,133900,22,16.43017177,2
TN,STEWART,47,161,47161,92980,33,35.49150355,6
TN,SULLIVAN,47,163,47163,1096904,179,16.31865687,3
TN,SUMNER,47,165,47165,1147368,154,13.42202327,2
TN,TIPTON,47,167,47167,428117,53,12.37979337,2
TN,UNICOI,47,171,47171,127556,25,19.59923485,4
TN,UNION,47,173,47173,134117,33,24.60538187,3
TN,WARREN,47,177,47177,278557,46,16.51367584,5
TN,WASHINGTON,47,179,47179,865416,132,15.25278017,4
TN,WEAKLEY,47,183,47183,242708,50,20.60088666,5
TN,WHITE,47,185,47185,181790,47,25.85400737,6
TN,WILLIAMSON,47,187,47187,1324549,166,12.53256769,2
TN,WILSON,47,189,47189,820088,99,12.07187521,2
TX,ANDERSON,48,1,48001,406771,79,19.42124684,5
TX,ANGELINA,48,5,48005,608008,93,15.29585137,5
TX,ARANSAS,48,7,48007,165917,37,22.30030678,3
TX,ATASCOSA,48,13,48013,320239,44,13.73973813,2
TX,AUSTIN,48,15,48015,199805,32,16.01561522,2
TX,BANDERA,48,19,48019,143918,28,19.45552328,2
TX,BASTROP,48,21,48021,524352,94,17.92688881,2
TX,BEE,48,25,48025,225947,30,13.27745002,5
TX,BELL,48,27,48027,2204241,310,14.06379792,3
TX,BEXAR,48,29,48029,12274514,1283,10.45255234,1
TX,BOSQUE,48,35,48035,126155,21,16.64618921,6
TX,BOWIE,48,37,48037,648829,122,18.80310529,4
TX,BRAZORIA,48,39,48039,2236673,278,12.42917494,2
TX,BRAZOS,48,41,48041,1383372,111,8.023872104,4
TX,BROWN,48,49,48049,265661,48,18.06813947,5
TX,BURLESON,48,51,48051,120256,23,19.12586482,4
TX,BURNET,48,53,48053,304605,37,12.14687874,6
TX,CALDWELL,48,55,48055,269802,34,12.60183394,2
TX,CALLAHAN,48,59,48059,94646,22,23.24451113,4
TX,CAMERON,48,61,48061,2867368,177,6.172908395,3
TX,CASS,48,67,48067,212298,44,20.72558385,6
TX,CHAMBERS,48,71,48071,248290,36,14.49917435,2
TX,CHEROKEE,48,73,48073,355252,56,15.76345805,5
TX,COLLIN,48,85,48085,5685562,565,9.937452094,1
TX,COMAL,48,91,48091,787852,128,16.24670623,2
TX,COOKE,48,97,48097,269417,57,21.15679411,5
TX,CORYELL,48,99,48099,530406,78,14.705716,3
TX,DALLAS,48,113,48113,16899891,1680,9.940892518,1
TX,DENTON,48,121,48121,4818615,469,9.733087205,2
TX,DE WITT,48,123,48123,141984,25,17.60761776,6
TX,EASTLAND,48,133,48133,129014,26,20.15285163,6
TX,ECTOR,48,135,48135,994684,119,11.96359849,4
TX,ELLIS,48,139,48139,1063199,113,10.62830195,2
TX,EL PASO,48,141,48141,5673017,460,8.108560225,3
TX,ERATH,48,143,48143,271199,38,14.01185108,5
TX,FANNIN,48,147,48147,236624,53,22.39840422,6
TX,FAYETTE,48,149,48149,172460,30,17.39533805,6
TX,FORT BEND,48,157,48157,4271573,303,7.093405638,2
TX,FREESTONE,48,161,48161,137499,22,16.00011636,6
TX,GALVESTON,48,167,48167,2086185,294,14.0927099,2
TX,GILLESPIE,48,171,48171,174677,29,16.60207125,5
TX,GONZALES,48,177,48177,139420,23,16.49691579,6
TX,GRAY,48,179,48179,159416,24,15.05495057,5
TX,GRAYSON,48,181,48181,848571,151,17.79462178,4
TX,GREGG,48,183,48183,853849,126,14.75670757,4
TX,GRIMES,48,185,48185,186767,24,12.85023586,6
TX,GUADALUPE,48,187,48187,949188,111,11.694206,2
TX,HALE,48,189,48189,251129,31,12.34425335,5
TX,HARDIN,48,199,48199,383322,64,16.6961458,3
TX,HARRIS,48,201,48201,29305035,2970,10.13477718,1
TX,HARRISON,48,203,48203,464066,61,13.14468201,5
TX,HAYS,48,209,48209,1152143,129,11.19652682,2
TX,HENDERSON,48,213,48213,550330,105,19.07946141,5
TX,HIDALGO,48,215,48215,5521974,287,5.197416721,3
TX,HILL,48,217,48217,245097,38,15.50406574,6
TX,HOCKLEY,48,219,48219,162163,26,16.03325049,5
TX,HOOD,48,221,48221,362580,60,16.54807215,2
TX,HOPKINS,48,223,48223,246725,32,12.96990577,5
TX,HOUSTON,48,225,48225,163091,24,14.71571086,6
TX,HOWARD,48,227,48227,247769,36,14.52966271,5
TX,HUNT,48,231,48231,605805,95,15.68161372,2
TX,HUTCHINSON,48,233,48233,153710,29,18.86669703,5
TX,JASPER,48,241,48241,249525,37,14.82817353,6
TX,JEFFERSON,48,245,48245,1762872,219,12.42290989,3
TX,JIM WELLS,48,249,48249,287886,35,12.15759016,5
TX,JOHNSON,48,251,48251,1068127,165,15.44760127,2
TX,JONES,48,253,48253,140621,44,31.28977891,4
TX,KAUFMAN,48,257,48257,736068,96,13.04227327,2
TX,KENDALL,48,259,48259,244459,34,13.90826274,2
TX,KERR,48,265,48265,347832,77,22.13712367,5
TX,LAMAR,48,277,48277,347534,63,18.12772276,5
TX,LAMPASAS,48,281,48281,139484,22,15.77241834,3
TX,LAVACA,48,285,48285,135620,21,15.48444182,6
TX,LIBERTY,48,291,48291,533302,73,13.68830419,2
TX,LIMESTONE,48,293,48293,163803,33,20.14615117,6
TX,LLANO,48,299,48299,134511,27,20.07270781,6
TX,LUBBOCK,48,303,48303,1974809,272,13.77348392,3
TX,MC LENNAN,48,309,48309,1658248,178,10.7342207,3
TX,MATAGORDA,48,321,48321,256325,38,14.82492929,5
TX,MAVERICK,48,323,48323,384489,24,6.242051138,5
TX,MEDINA,48,325,48325,325415,34,10.44819692,2
TX,MIDLAND,48,329,48329,1000566,131,13.09258959,4
TX,MILAM,48,331,48331,171922,26,15.12313724,6
TX,MONTAGUE,48,337,48337,137490,34,24.72907121,6
TX,MONTGOMERY,48,339,48339,3307120,480,14.51413919,2
TX,NACOGDOCHES,48,347,48347,453457,61,13.45221267,5
TX,NAVARRO,48,349,48349,335242,48,14.31801505,5
TX,NOLAN,48,353,48353,105605,21,19.88542209,5
TX,NUECES,48,355,48355,2412301,286,11.85590024,3
TX,ORANGE,48,361,48361,577727,103,17.82848993,3
TX,PALO PINTO,48,363,48363,196138,41,20.90364947,5
TX,PANOLA,48,365,48365,166629,29,17.40393329,6
TX,PARKER,48,367,48367,827268,116,14.02205815,2
TX,POLK,48,373,48373,320084,72,22.4940953,6
TX,POTTER,48,375,48375,849808,154,18.12174044,3
TX,RANDALL,48,381,48381,859447,139,16.17319044,3
TX,RED RIVER,48,387,48387,88975,24,26.97386906,6
TX,ROCKWALL,48,397,48397,566147,62,10.95121938,2
TX,RUSK,48,401,48401,375731,54,14.37198421,4
TX,SAN JACINTO,48,407,48407,186076,31,16.65985941,6
TX,SAN PATRICIO,48,409,48409,460016,59,12.82564085,3
TX,SHELBY,48,419,48419,179412,28,15.60653691,6
TX,SMITH,48,423,48423,1483306,232,15.64073765,4
TX,STARR,48,427,48427,430138,30,6.974505856,5
TX,TARRANT,48,439,48439,12929274,1375,10.63478119,1
TX,TAYLOR,48,441,48441,926591,144,15.54083733,4
TX,TITUS,48,449,48449,225340,34,15.088311,5
TX,TOM GREEN,48,451,48451,783649,117,14.93015368,4
TX,TRAVIS,48,453,48453,7445074,872,11.71244235,1
TX,TYLER,48,457,48457,151069,31,20.52042444,6
TX,UPSHUR,48,459,48459,276965,57,20.58021772,4
TX,UVALDE,48,463,48463,186201,21,11.27813492,5
TX,VAL VERDE,48,465,48465,341211,30,8.792213616,5
TX,VAN ZANDT,48,467,48467,367779,88,23.92741293,6
TX,VICTORIA,48,469,48469,617114,108,17.50081833,4
TX,WALKER,48,471,48471,476528,74,15.52899305,5
TX,WALLER,48,473,48473,306555,43,14.02684673,2
TX,WASHINGTON,48,477,48477,236491,24,10.14837774,5
TX,WEBB,48,479,48479,1782548,99,5.553847638,3
TX,WHARTON,48,481,48481,287951,33,11.46028317,5
TX,WICHITA,48,485,48485,919973,149,16.1961275,4
TX,WILLIAMSON,48,491,48491,3088466,342,11.07345847,2
TX,WILSON,48,493,48493,306725,41,13.36702258,2
TX,WISE,48,497,48497,419406,50,11.92162249,2
TX,WOOD,48,499,48499,295680,59,19.95400433,6
TX,YOUNG,48,503,48503,128460,28,21.79666822,6
UT,BOX ELDER,49,3,49003,350697,68,19.38995771,3
UT,CACHE,49,5,49005,796240,96,12.05666633,4
UT,CARBON,49,7,49007,147315,56,38.01378,5
UT,DAVIS,49,11,49011,2184695,322,14.73889948,3
UT,DUCHESNE,49,13,49013,132834,39,29.35995302,6
UT,EMERY,49,15,49015,75813,21,27.69973487,6
UT,GRAND,49,19,49019,64665,24,37.11435862,6
UT,IRON,49,21,49021,323766,65,20.07622789,5
UT,MILLARD,49,27,49027,87378,23,26.32241525,6
UT,SALT LAKE,49,35,49035,7331410,1421,19.38235619,1
UT,SANPETE,49,39,49039,195068,47,24.09416204,6
UT,SEVIER,49,41,49041,145350,42,28.89576883,6
UT,SUMMIT,49,43,49043,260271,36,13.83173692,5
UT,TOOELE,49,45,49045,412718,69,16.71843729,2
UT,UINTAH,49,47,49047,236979,55,23.20880753,5
UT,UTAH,49,49,49049,3691535,469,12.70474207,3
UT,WASATCH,49,51,49051,172614,26,15.06250941,5
UT,WASHINGTON,49,53,49053,996567,206,20.67096342,4
UT,WEBER,49,57,49057,1632447,327,20.0312782,3
VT,ADDISON,50,1,50001,258178,29,11.23256048,6
VT,BENNINGTON,50,3,50003,258062,53,20.53770024,5
VT,CALEDONIA,50,5,50005,217964,43,19.72802848,6
VT,CHITTENDEN,50,7,50007,1103666,137,12.41317573,4
VT,FRANKLIN,50,11,50011,336170,56,16.65823839,4
VT,LAMOILLE,50,15,50015,172335,37,21.4698117,6
VT,ORANGE,50,17,50017,202629,50,24.67563873,5
VT,ORLEANS,50,19,50019,190307,33,17.34040261,6
VT,RUTLAND,50,21,50021,428705,70,16.32824436,5
VT,WASHINGTON,50,23,50023,415278,75,18.060191,5
VT,WINDHAM,50,25,50025,309109,64,20.70467052,6
VT,WINDSOR,50,27,50027,395268,64,16.19154599,5
VA,ACCOMACK,51,1,51001,233198,28,12.00696404,6
VA,ALBEMARLE,51,3,51003,704322,73,10.36457757,4
VA,ALLEGHANY,51,5,51005,113404,24,21.16327466,6
VA,AMHERST,51,9,51009,226109,33,14.59473086,3
VA,ARLINGTON,51,13,51013,1498039,133,8.87827353,1
VA,AUGUSTA,51,15,51015,516201,108,20.92208268,4
VA,BEDFORD,51,19,51019,526307,86,16.34027288,3
VA,BOTETOURT,51,23,51023,231483,32,13.82390932,3
VA,BUCHANAN,51,27,51027,167089,42,25.1363046,6
VA,BUCKINGHAM,51,29,51029,119366,22,18.43070891,4
VA,CAMPBELL,51,31,51031,382820,59,15.41194295,3
VA,CAROLINE,51,33,51033,201488,36,17.86706901,2
VA,CARROLL,51,35,51035,209473,53,25.30159018,6
VA,CHESTERFIELD,51,41,51041,2243702,284,12.6576524,2
VA,CULPEPER,51,47,51047,331713,49,14.77180575,2
VA,DICKENSON,51,51,51051,110096,44,39.96512135,5
VA,DINWIDDIE,51,53,51053,195552,21,10.73883162,2
VA,ESSEX,51,57,51057,77849,21,26.97529833,6
VA,FAIRFAX,51,59,51059,7689681,697,9.064095117,2
VA,FAUQUIER,51,61,51061,462857,87,18.7963021,2
VA,FLOYD,51,63,51063,107455,24,22.3349309,4
VA,FLUVANNA,51,65,51065,180681,25,13.83654064,4
VA,FRANKLIN,51,67,51067,392755,50,12.73058268,3
VA,FREDERICK,51,69,51069,555136,72,12.96979479,4
VA,GLOUCESTER,51,73,51073,258035,50,19.37721627,2
VA,GRAYSON,51,77,51077,107980,26,24.07853306,6
VA,HALIFAX,51,83,51083,251245,36,14.32864336,6
VA,HANOVER,51,85,51085,702441,119,16.94092458,2
VA,HENRICO,51,87,51087,2178744,251,11.52039891,2
VA,HENRY,51,89,51089,374332,94,25.11139844,5
VA,ISLE OF WIGHT,51,93,51093,247799,28,11.29948063,2
VA,JAMES CITY,51,95,51095,478971,58,12.10929263,2
VA,KING GEORGE,51,99,51099,169123,34,20.1037115,6
VA,LEE,51,105,51105,177983,38,21.35035369,6
VA,LOUDOUN,51,107,51107,2287616,213,9.311003245,2
VA,LOUISA,51,109,51109,233836,30,12.82950444,6
VA,MECKLENBURG,51,117,51117,225326,34,15.08924847,6
VA,MONTGOMERY,51,121,51121,665320,64,9.619431251,4
VA,NELSON,51,125,51125,104640,24,22.93577982,4
VA,NOTTOWAY,51,135,51135,110539,23,20.80713594,6
VA,ORANGE,51,137,51137,237595,44,18.51890823,6
VA,PAGE,51,139,51139,167805,40,23.83719198,6
VA,PATRICK,51,141,51141,129080,42,32.53796095,6
VA,PITTSYLVANIA,51,143,51143,441566,73,16.53206995,5
VA,POWHATAN,51,145,51145,196658,33,16.78040049,2
VA,PRINCE EDWARD,51,147,51147,161915,21,12.96976809,6
VA,PRINCE GEORGE,51,149,51149,254952,39,15.29699708,2
VA,PRINCE WILLIAM,51,153,51153,2903269,262,9.024310183,2
VA,PULASKI,51,155,51155,243241,41,16.855711,4
VA,ROANOKE,51,161,51161,649809,110,16.92805117,3
VA,ROCKBRIDGE,51,163,51163,156496,28,17.8918311,6
VA,ROCKINGHAM,51,165,51165,537609,67,12.46258898,4
VA,RUSSELL,51,167,51167,200120,42,20.98740756,6
VA,SCOTT,51,169,51169,160404,29,18.07934964,3
VA,SHENANDOAH,51,171,51171,296130,48,16.20909736,6
VA,SMYTH,51,173,51173,224066,39,17.40558585,6
VA,SPOTSYLVANIA,51,177,51177,871474,100,11.47481164,2
VA,STAFFORD,51,179,51179,923306,95,10.28911325,2
VA,TAZEWELL,51,185,51185,311664,50,16.04291801,5
VA,WARREN,51,187,51187,265281,49,18.47097983,2
VA,WASHINGTON,51,191,51191,383373,73,19.04150788,3
VA,WISE,51,195,51195,287162,49,17.06353905,5
VA,WYTHE,51,197,51197,204613,28,13.68437001,6
VA,YORK,51,199,51199,459447,58,12.62387174,2
VA,ALEXANDRIA CITY,51,510,51510,1001720,91,9.084374875,1
VA,CHARLOTTESVILLE CITY,51,540,51540,307636,28,9.101665605,4
VA,CHESAPEAKE CITY,51,550,51550,1578166,186,11.78583242,2
VA,DANVILLE CITY,51,590,51590,300902,42,13.95803285,5
VA,FAIRFAX CITY,51,600,51600,162025,33,20.36722728,2
VA,HAMPTON CITY,51,650,51650,961331,102,10.61028928,2
VA,HARRISONBURG CITY,51,660,51660,349525,28,8.010871898,4
VA,LYNCHBURG CITY,51,680,51680,537081,52,9.681966035,3
VA,MANASSAS,51,683,51683,273259,31,11.34454858,2
VA,NEWPORT NEWS CITY,51,700,51700,1268829,145,11.42785986,2
VA,NORFOLK CITY,51,710,51710,1706510,194,11.36823107,1
VA,PETERSBURG CITY,51,730,51730,226529,31,13.68478208,2
VA,PORTSMOUTH CITY,51,740,51740,671261,77,11.47094796,2
VA,RICHMOND CITY,51,760,51760,1461206,169,11.56578881,1
VA,ROANOKE CITY,51,770,51770,682800,118,17.2817809,3
VA,SALEM CITY,51,775,51775,174831,35,20.01933296,3
VA,STAUNTON CITY,51,790,51790,168290,22,13.07267217,4
VA,SUFFOLK CITY,51,800,51800,593342,74,12.47172794,2
VA,VIRGINIA BEACH CITY,51,810,51810,3095370,401,12.95483254,1
VA,WAYNESBORO CITY,51,820,51820,147726,22,14.892436,4
VA,WINCHESTER CITY,51,840,51840,187217,37,19.76316253,4
WA,ASOTIN,53,3,53003,152508,35,22.94961576,4
WA,BENTON,53,5,53005,1246682,165,13.23513133,3
WA,CHELAN,53,7,53007,510540,83,16.2572962,4
WA,CLALLAM,53,9,53009,501846,130,25.9043611,5
WA,CLARK,53,11,53011,3026374,481,15.89360733,2
WA,COWLITZ,53,15,53015,714192,104,14.56191052,4
WA,DOUGLAS,53,17,53017,270961,30,11.07170405,4
WA,FRANKLIN,53,21,53021,566834,50,8.820924645,3
WA,GRANT,53,25,53025,629104,73,11.60380478,5
WA,GRAYS HARBOR,53,27,53027,503127,96,19.08066949,5
WA,ISLAND,53,29,53029,551192,94,17.05394853,5
WA,JEFFERSON,53,31,53031,209220,39,18.64066533,6
WA,KING,53,33,53033,13825843,1701,12.30304727,1
WA,KITSAP,53,35,53035,1763264,237,13.44098218,3
WA,KITTITAS,53,37,53037,288912,43,14.88342471,5
WA,KLICKITAT,53,39,53039,143598,22,15.32054764,6
WA,LEWIS,53,41,53041,527092,87,16.50565746,5
WA,MASON,53,45,53045,423705,78,18.40903459,5
WA,OKANOGAN,53,47,53047,287023,65,22.64626877,6
WA,PACIFIC,53,49,53049,145676,41,28.14464977,6
WA,PEND OREILLE,53,51,53051,90882,22,24.20721375,3
WA,PIERCE,53,53,53053,5645104,938,16.61616863,2
WA,SKAGIT,53,57,53057,824118,125,15.16773083,4
WA,SKAMANIA,53,59,53059,77809,25,32.12995926,2
WA,SNOHOMISH,53,61,53061,5075651,699,13.77163245,2
WA,SPOKANE,53,63,53063,3314449,551,16.62418097,3
WA,STEVENS,53,65,53065,304680,71,23.30313772,3
WA,THURSTON,53,67,53067,1790138,285,15.92056031,3
WA,WALLA WALLA,53,71,53071,412661,66,15.99375759,4
WA,WHATCOM,53,73,53073,1420468,216,15.20625597,4
WA,WHITMAN,53,75,53075,318522,23,7.220851307,5
WA,YAKIMA,53,77,53077,1705971,222,13.01311687,4
WV,BERKELEY,54,3,54003,740590,115,15.52815998,3
WV,BOONE,54,5,54005,170861,34,19.89921632,4
WV,BROOKE,54,9,54009,167336,36,21.51360138,4
WV,CABELL,54,11,54011,675350,93,13.77063745,3
WV,FAYETTE,54,19,54019,320795,52,16.20972895,4
WV,GREENBRIER,54,25,54025,248967,56,22.49294083,6
WV,HAMPSHIRE,54,27,54027,165868,31,18.68956037,4
WV,HANCOCK,54,29,54029,213411,29,13.58880283,4
WV,HARRISON,54,33,54033,482340,79,16.3784882,5
WV,JACKSON,54,35,54035,204363,21,10.27583271,6
WV,JEFFERSON,54,37,54037,378340,40,10.57250093,2
WV,KANAWHA,54,39,54039,1344423,255,18.96724468,4
WV,LINCOLN,54,43,54043,151720,22,14.50039547,3
WV,LOGAN,54,45,54045,254054,33,12.98936447,5
WV,MC DOWELL,54,47,54047,151225,38,25.12812035,6
WV,MARION,54,49,54049,395957,59,14.90060789,5
WV,MARSHALL,54,51,54051,229990,36,15.65285447,4
WV,MASON,54,53,54053,190432,26,13.65316753,5
WV,MERCER,54,55,54055,434779,101,23.23019281,5
WV,MINERAL,54,57,54057,195427,27,13.81590057,4
WV,MINGO,54,59,54059,185009,30,16.21542736,6
WV,MONONGALIA,54,61,54061,687449,81,11.78269224,4
WV,NICHOLAS,54,67,54067,182839,36,19.68945356,6
WV,OHIO,54,69,54069,308570,43,13.9352497,4
WV,PRESTON,54,77,54077,234956,40,17.02446415,4
WV,PUTNAM,54,79,54079,391800,52,13.27207759,3
WV,RALEIGH,54,81,54081,551245,90,16.3266787,4
WV,RANDOLPH,54,83,54083,205875,40,19.42926533,5
WV,ROANE,54,87,54087,103795,23,22.15906354,6
WV,SUMMERS,54,89,54089,96083,21,21.85610358,6
WV,UPSHUR,54,97,54097,170482,39,22.87631539,6
WV,WAYNE,54,99,54099,294134,47,15.97911156,3
WV,WOOD,54,107,54107,606576,93,15.3319617,4
WV,WYOMING,54,109,54109,163935,32,19.51993168,6
WI,ADAMS,55,1,55001,145061,29,19.99158975,6
WI,BARRON,55,5,55005,320502,38,11.85640027,6
WI,BROWN,55,9,55009,1753504,230,13.11659397,3
WI,BURNETT,55,13,55013,108269,24,22.16700995,6
WI,CALUMET,55,15,55015,343965,45,13.08272644,4
WI,CHIPPEWA,55,17,55017,438575,71,16.18879325,4
WI,CLARK,55,19,55019,242111,33,13.63011181,6
WI,COLUMBIA,55,21,55021,396069,66,16.66376313,3
WI,DANE,55,25,55025,3476754,420,12.08023346,3
WI,DODGE,55,27,55027,620961,96,15.45990811,5
WI,DOOR,55,29,55029,194959,34,17.43956422,6
WI,DOUGLAS,55,31,55031,307311,53,17.24637257,3
WI,DUNN,55,33,55033,307150,37,12.04623148,5
WI,EAU CLAIRE,55,35,55035,698203,89,12.74700911,4
WI,FOND DU LAC,55,39,55039,711026,92,12.93904864,4
WI,GRANT,55,43,55043,358129,46,12.84453367,5
WI,GREEN,55,45,55045,258114,35,13.55989989,3
WI,GREEN LAKE,55,47,55047,133184,26,19.52186449,6
WI,JACKSON,55,53,55053,143417,23,16.03715041,6
WI,JEFFERSON,55,55,55055,587624,66,11.23167195,5
WI,JUNEAU,55,57,55057,186585,40,21.43795053,6
WI,KENOSHA,55,59,55059,1166326,147,12.60368027,2
WI,LA CROSSE,55,63,55063,808912,117,14.46387246,4
WI,LAFAYETTE,55,65,55065,117899,22,18.66003953,6
WI,LANGLADE,55,67,55067,138905,26,18.71782873,6
WI,LINCOLN,55,69,55069,200751,39,19.42705142,5
WI,MANITOWOC,55,71,55071,567478,81,14.27368109,5
WI,MARATHON,55,73,55073,941257,132,14.02380009,4
WI,MARINETTE,55,75,55075,291297,51,17.5079043,5
WI,MILWAUKEE,55,79,55079,6643949,734,11.04764651,1
WI,MONROE,55,81,55081,314091,44,14.00867901,6
WI,OCONTO,55,83,55083,262892,43,16.35652663,3
WI,ONEIDA,55,85,55085,251504,41,16.3019276,6
WI,OUTAGAMIE,55,87,55087,1246093,177,14.20439726,4
WI,OZAUKEE,55,89,55089,607100,58,9.553615549,2
WI,PIERCE,55,93,55093,285577,38,13.30639372,2
WI,POLK,55,95,55095,307246,63,20.50474213,6
WI,PORTAGE,55,97,55097,491242,67,13.63889895,5
WI,RACINE,55,101,55101,1365015,182,13.33318681,4
WI,ROCK,55,105,55105,1123482,168,14.9535106,4
WI,ST CROIX,55,109,55109,594403,84,14.13182639,2
WI,SAUK,55,111,55111,436156,70,16.04930346,5
WI,SAWYER,55,113,55113,115786,21,18.13690774,6
WI,SHAWANO,55,115,55115,292286,42,14.36948742,5
WI,SHEBOYGAN,55,117,55117,807143,116,14.37167887,4
WI,TAYLOR,55,119,55119,144314,21,14.55160276,6
WI,TREMPEALEAU,55,121,55121,203410,34,16.71500909,6
WI,VERNON,55,123,55123,209746,25,11.91917843,6
WI,VILAS,55,125,55125,150121,32,21.31613832,6
WI,WALWORTH,55,127,55127,718662,97,13.49730471,5
WI,WASHINGTON,55,131,55131,924996,120,12.97302907,2
WI,WAUKESHA,55,133,55133,2738016,323,11.79686313,2
WI,WAUPACA,55,135,55135,366038,53,14.47937099,6
WI,WAUSHARA,55,137,55137,171365,24,14.00519359,6
WI,WINNEBAGO,55,139,55139,1173396,171,14.5730853,4
WI,WOOD,55,141,55141,520420,80,15.37219938,5
WY,ALBANY,56,1,56001,256346,39,15.21381258,5
WY,CAMPBELL,56,5,56005,325646,78,23.95239002,5
WY,CARBON,56,7,56007,110662,27,24.39861922,6
WY,CONVERSE,56,9,56009,97296,31,31.86153593,6
WY,FREMONT,56,13,56013,282184,77,27.28716015,5
WY,LARAMIE,56,21,56021,651105,149,22.88417383,4
WY,LINCOLN,56,23,56023,126640,24,18.95135818,6
WY,NATRONA,56,25,56025,542239,131,24.15908852,4
WY,PARK,56,29,56029,199222,51,25.59958238,6
WY,SHERIDAN,56,33,56033,205339,60,29.21997283,5
WY,SWEETWATER,56,37,56037,309675,74,23.89602002,5
WY,UINTA,56,41,56041,146626,34,23.18824765,5
